,사고번호,발생일시,발생요일,발생시군구,사고내용,사망자수,중상자수,경상자수,부상신고자수,사고유형,법규위반,노면상태,기상상태,도로형태,가해운전자 차종,가해운전자 성별,가해운전자 연령,가해운전자 상해정도,피해운전자 차종,피해운전자 성별,피해운전자 연령,피해운전자 상해정도,위도,경도
0,2020000000000000.0,2017년 1월 2일 05시,월요일,부산광역시 북구 금곡동,중상사고,0,2,5,0,차대차 - 추돌,안전운전불이행,포장 - 건조,맑음,교차로 - 교차로부근,승용,남,32세,경상,승합,남,61세,경상,35.267726,129.017355
1,2020000000000000.0,2017년 1월 6일 20시,금요일,부산광역시 북구 만덕동,중상사고,0,2,0,0,차대차 - 측면충돌,신호위반,포장 - 건조,맑음,교차로 - 교차로안,이륜,남,69세,중상,이륜,남,23세,중상,35.210665999999996,129.029717
2,2020000000000000.0,2017년 1월 21일 00시,토요일,부산광역시 북구 화명동,경상사고,0,0,1,0,차대사람 - 기타,보행자보호의무위반,포장 - 건조,맑음,단일로 - 기타,승용,남,55세,상해없음,보행자,남,53세,경상,35.234614,129.013809
3,2020000000000000.0,2017년 1월 25일 02시,수요일,부산광역시 북구 구포동,경상사고,0,0,3,0,차대차 - 기타,중앙선침범,포장 - 건조,맑음,단일로 - 기타,승용,남,24세,상해없음,승용,남,57세,경상,35.198668,129.00633
4,2020000000000000.0,2017년 1월 29일 20시,일요일,부산광역시 북구 덕천동,경상사고,0,0,2,0,차대차 - 정면충돌,신호위반,포장 - 젖음/습기,흐림,교차로 - 교차로안,승용,남,51세,상해없음,승용,남,47세,경상,35.214426,129.021716
5,2020000000000000.0,2017년 2월 13일 19시,월요일,부산광역시 북구 구포동,경상사고,0,0,1,0,차대차 - 기타,안전거리미확보,포장 - 건조,맑음,단일로 - 기타,화물,남,57세,상해없음,승용,여,36세,경상,35.202372,128.993186
6,2020000000000000.0,2017년 2월 22일 22시,수요일,부산광역시 북구 화명동,중상사고,0,1,1,0,차대차 - 추돌,안전운전불이행,포장 - 젖음/습기,비,교차로 - 교차로부근,승용,남,29세,중상,승합,남,57세,상해없음,35.239302,129.014105
7,2020000000000000.0,2017년 2월 22일 22시,수요일,부산광역시 북구 구포동,경상사고,0,0,1,0,차대차 - 추돌,안전운전불이행,포장 - 젖음/습기,비,교차로 - 교차로안,승용,남,55세,상해없음,승용,남,49세,경상,35.197871,128.995921
8,2020000000000000.0,2017년 2월 25일 00시,토요일,부산광역시 북구 금곡동,경상사고,0,0,1,0,차대차 - 정면충돌,안전운전불이행,포장 - 건조,맑음,교차로 - 교차로부근,승용,남,27세,상해없음,승용,여,27세,경상,35.257241,129.011993
9,2020000000000000.0,2017년 2월 25일 04시,토요일,부산광역시 북구 화명동,경상사고,0,0,2,0,차대차 - 정면충돌,안전운전불이행,포장 - 건조,맑음,교차로 - 교차로부근,승용,남,38세,상해없음,승용,남,65세,경상,35.240234,129.009188
10,2020000000000000.0,2017년 3월 25일 22시,토요일,부산광역시 북구 덕천동,경상사고,0,0,3,0,차대차 - 추돌,안전운전불이행,포장 - 젖음/습기,비,단일로 - 기타,승용,남,60세,상해없음,승용,남,28세,경상,35.212616,129.01048600000001
11,2020000000000000.0,2017년 3월 27일 04시,월요일,부산광역시 북구 덕천동,경상사고,0,0,1,0,차대사람 - 기타,안전운전불이행,포장 - 건조,맑음,단일로 - 기타,원동기,남,21세,기타불명,보행자,남,23세,경상,35.209532,129.012844
12,2020000000000000.0,2017년 4월 3일 02시,월요일,부산광역시 북구 구포동,부상신고사고,0,0,0,2,차대차 - 기타,안전운전불이행,포장 - 건조,맑음,단일로 - 기타,승용,남,46세,상해없음,승용,남,18세,부상신고,35.198251,128.995163
13,2020000000000000.0,2017년 4월 6일 19시,목요일,부산광역시 북구 금곡동,경상사고,0,0,2,0,차대차 - 추돌,안전운전불이행,포장 - 건조,맑음,단일로 - 기타,승용,남,44세,상해없음,승용,남,62세,경상,35.268117,129.017564
14,2020000000000000.0,2017년 4월 7일 07시,금요일,부산광역시 북구 구포동,경상사고,0,0,1,0,차대차 - 추돌,안전운전불이행,포장 - 건조,맑음,교차로 - 교차로부근,승용,남,45세,상해없음,승용,남,49세,경상,35.205057000000004,129.003728
15,2020000000000000.0,2017년 4월 8일 19시,토요일,부산광역시 북구 화명동,경상사고,0,0,1,0,차대차 - 추돌,안전운전불이행,포장 - 건조,맑음,단일로 - 교량,승용,남,60세,상해없음,승용,남,28세,경상,35.234496,129.00803200000001
16,2020000000000000.0,2017년 4월 10일 21시,월요일,부산광역시 북구 덕천동,경상사고,0,0,2,0,차대차 - 추돌,안전운전불이행,포장 - 젖음/습기,비,단일로 - 기타,화물,남,57세,상해없음,승용,여,27세,경상,35.208422,129.01046499999998
17,2020000000000000.0,2017년 4월 16일 20시,일요일,부산광역시 북구 덕천동,중상사고,0,1,0,0,차대사람 - 횡단중,안전운전불이행,포장 - 건조,맑음,교차로 - 교차로안,승용,남,41세,상해없음,보행자,여,55세,중상,35.208635,129.012879
18,2020000000000000.0,2017년 5월 4일 17시,목요일,부산광역시 북구 금곡동,중상사고,0,2,0,0,차대차 - 추돌,안전운전불이행,포장 - 건조,맑음,단일로 - 기타,특수,남,59세,상해없음,승용,남,33세,중상,35.262334,129.014486
19,2020000000000000.0,2017년 5월 7일 00시,일요일,부산광역시 북구 덕천동,경상사고,0,0,1,0,차대차 - 측면충돌,안전운전불이행,포장 - 건조,맑음,단일로 - 기타,승용,남,32세,상해없음,승용,남,68세,경상,35.21309,129.018646
20,2020000000000000.0,2017년 5월 27일 00시,토요일,부산광역시 북구 화명동,경상사고,0,0,1,0,차대차 - 측면충돌,중앙선침범,포장 - 건조,맑음,단일로 - 기타,승용,여,48세,상해없음,승용,남,55세,경상,35.241603999999995,129.01975
21,2020000000000000.0,2017년 7월 10일 23시,월요일,부산광역시 북구 구포동,경상사고,0,0,2,0,차대차 - 기타,안전운전불이행,포장 - 건조,맑음,단일로 - 기타,승용,남,49세,상해없음,승용,남,29세,경상,35.196695,129.011125
22,2020000000000000.0,2017년 7월 12일 03시,수요일,부산광역시 북구 구포동,사망사고,1,0,0,0,차대차 - 측면충돌,안전운전불이행,포장 - 건조,맑음,교차로 - 교차로안,승용,남,28세,상해없음,이륜,남,18세,사망,35.198572,129.008254
23,2020000000000000.0,2017년 7월 12일 23시,수요일,부산광역시 북구 구포동,중상사고,0,1,3,0,차대차 - 추돌,안전운전불이행,포장 - 건조,맑음,단일로 - 기타,승용,남,22세,상해없음,승용,남,22세,경상,35.207134,129.005352
24,2020000000000000.0,2017년 7월 15일 04시,토요일,부산광역시 북구 덕천동,경상사고,0,0,1,0,차대차 - 기타,중앙선침범,포장 - 건조,맑음,단일로 - 기타,이륜,남,22세,상해없음,승용,여,61세,경상,35.211299,129.010655
25,2020000000000000.0,2017년 7월 16일 19시,일요일,부산광역시 북구 덕천동,중상사고,0,1,2,1,차대차 - 기타,신호위반,포장 - 건조,맑음,교차로 - 교차로안,이륜,남,37세,경상,승용,남,54세,경상,35.210503,129.005505
26,2020000000000000.0,2017년 7월 19일 23시,수요일,부산광역시 북구 화명동,경상사고,0,0,1,0,차대차 - 기타,신호위반,포장 - 건조,맑음,교차로 - 교차로안,이륜,남,16세,상해없음,자전거,여,17세,경상,35.235169,129.010925
27,2020000000000000.0,2017년 8월 1일 22시,화요일,부산광역시 북구 화명동,경상사고,0,0,1,0,차대차 - 추돌,안전운전불이행,포장 - 건조,맑음,단일로 - 기타,승용,남,38세,상해없음,승용,남,27세,경상,35.222783,129.00911000000002
28,2020000000000000.0,2017년 8월 2일 02시,수요일,부산광역시 북구 구포동,경상사고,0,0,1,0,차대차 - 기타,신호위반,포장 - 건조,맑음,교차로 - 교차로안,승용,남,48세,상해없음,자전거,여,28세,경상,35.209344,129.000912
29,2020000000000000.0,2017년 8월 7일 03시,월요일,부산광역시 북구 금곡동,중상사고,0,2,0,0,차량단독 - 전도전복 - 전도,안전운전불이행,포장 - 건조,맑음,단일로 - 기타,이륜,남,20세,중상,,,,,35.260816999999996,129.016346
30,2020000000000000.0,2017년 8월 16일 21시,수요일,부산광역시 북구 덕천동,중상사고,0,1,0,1,차대차 - 추돌,안전운전불이행,포장 - 건조,맑음,단일로 - 기타,승용,남,43세,상해없음,승용,여,24세,중상,35.214273999999996,129.019475
31,2020000000000000.0,2017년 8월 24일 14시,목요일,부산광역시 북구 덕천동,경상사고,0,0,2,0,차대차 - 추돌,안전운전불이행,포장 - 건조,맑음,단일로 - 기타,화물,여,57세,상해없음,승용,남,43세,경상,35.218044,129.005483
32,2020000000000000.0,2017년 8월 27일 17시,일요일,부산광역시 북구 덕천동,경상사고,0,0,1,0,차대차 - 추돌,안전운전불이행,포장 - 건조,맑음,단일로 - 기타,화물,남,51세,상해없음,승용,남,43세,상해없음,35.215133,129.020976
33,2020000000000000.0,2017년 9월 11일 19시,월요일,부산광역시 북구 화명동,경상사고,0,0,1,0,차대차 - 추돌,안전운전불이행,포장 - 건조,맑음,단일로 - 기타,승용,남,56세,상해없음,승용,남,34세,경상,35.234871000000005,129.010678
34,2020000000000000.0,2017년 9월 16일 03시,토요일,부산광역시 북구 덕천동,중상사고,0,1,0,0,차량단독 - 공작물충돌,안전운전불이행,포장 - 건조,맑음,단일로 - 기타,승용,남,32세,중상,,,,,35.213297999999995,129.004082
35,2020000000000000.0,2017년 9월 27일 15시,수요일,부산광역시 북구 구포동,중상사고,0,1,0,0,차대차 - 측면충돌,안전운전불이행,포장 - 건조,맑음,단일로 - 기타,승용,여,49세,상해없음,승용,남,33세,중상,35.207167,129.00491100000002
36,2020000000000000.0,2017년 10월 1일 10시,일요일,부산광역시 북구 금곡동,경상사고,0,0,1,0,차대차 - 추돌,안전운전불이행,포장 - 건조,맑음,단일로 - 기타,승용,남,25세,상해없음,승용,남,71세,경상,35.267982,129.017481
37,2020000000000000.0,2017년 10월 4일 01시,수요일,부산광역시 북구 만덕동,경상사고,0,0,2,1,차대차 - 추돌,안전운전불이행,포장 - 건조,맑음,교차로 - 교차로부근,승용,남,33세,상해없음,승용,남,56세,경상,35.212951000000004,129.036584
38,2020000000000000.0,2017년 10월 7일 18시,토요일,부산광역시 북구 구포동,경상사고,0,0,1,0,차대사람 - 기타,안전운전불이행,포장 - 건조,맑음,단일로 - 기타,승용,남,62세,상해없음,보행자,남,59세,경상,35.209721,129.004065
39,2020000000000000.0,2017년 10월 8일 00시,일요일,부산광역시 북구 화명동,경상사고,0,0,1,0,차대사람 - 기타,신호위반,포장 - 건조,맑음,단일로 - 기타,승용,남,45세,상해없음,보행자,여,40세,경상,35.235271999999995,129.009582
40,2020000000000000.0,2017년 10월 16일 23시,월요일,부산광역시 북구 구포동,경상사고,0,0,1,0,차대차 - 기타,안전운전불이행,포장 - 건조,맑음,단일로 - 기타,원동기,남,31세,경상,승용,남,46세,기타불명,35.195885,129.00768200000002
41,2020000000000000.0,2017년 10월 29일 15시,일요일,부산광역시 북구 만덕동,중상사고,0,1,0,0,차대사람 - 횡단중,신호위반,포장 - 건조,맑음,단일로 - 기타,승합,남,63세,상해없음,보행자,남,11세,중상,35.214180999999996,129.030529
42,2020000000000000.0,2017년 11월 18일 17시,토요일,부산광역시 북구 덕천동,경상사고,0,0,2,0,차대차 - 추돌,안전운전불이행,포장 - 건조,맑음,단일로 - 기타,승용,남,53세,상해없음,승용,남,25세,경상,35.21119,129.004684
43,2020000000000000.0,2017년 11월 25일 00시,토요일,부산광역시 북구 화명동,경상사고,0,0,1,0,차대차 - 기타,교차로운행방법위반,포장 - 건조,맑음,교차로 - 교차로부근,승용,남,53세,상해없음,이륜,남,39세,경상,35.234546,129.008152
44,2020000000000000.0,2017년 12월 8일 01시,금요일,부산광역시 북구 구포동,중상사고,0,2,0,0,차대사람 - 기타,안전운전불이행,포장 - 건조,맑음,단일로 - 기타,승용,남,62세,상해없음,보행자,남,45세,중상,35.209538,129.003313
45,2020000000000000.0,2017년 12월 13일 02시,수요일,부산광역시 북구 구포동,경상사고,0,0,1,0,차대차 - 추돌,안전운전불이행,포장 - 건조,맑음,단일로 - 기타,승용,남,51세,상해없음,승용,남,62세,경상,35.196401,128.994732
46,2020000000000000.0,2017년 12월 15일 17시,금요일,부산광역시 북구 화명동,경상사고,0,0,2,0,차대차 - 추돌,안전운전불이행,포장 - 건조,맑음,교차로 - 교차로부근,승용,남,50세,상해없음,승용,남,63세,경상,35.235479,129.008337
47,2020000000000000.0,2017년 12월 16일 22시,토요일,부산광역시 북구 화명동,중상사고,0,1,2,0,차대차 - 추돌,안전운전불이행,포장 - 건조,맑음,단일로 - 기타,승용,남,53세,상해없음,승용,여,61세,중상,35.229294,129.012609
48,2020000000000000.0,2017년 12월 27일 19시,수요일,부산광역시 북구 금곡동,경상사고,0,0,2,1,차대차 - 추돌,안전운전불이행,포장 - 건조,맑음,단일로 - 교량,승용,남,53세,상해없음,승용,남,69세,경상,35.250986,129.009582
49,2017010300100075.0,2017년 1월 3일 06시,화요일,부산광역시 부산진구 부전동,중상사고,0,1,1,0,차대사람 - 기타,안전운전불이행,포장 - 건조,맑음,단일로 - 기타,승용,남,31세,상해없음,보행자,여,22세,경상,35.153509,129.059226
50,2017010300100549.0,2017년 1월 3일 22시,화요일,부산광역시 부산진구 개금동,경상사고,0,0,1,0,차대사람 - 횡단중,안전운전불이행,포장 - 건조,맑음,교차로 - 교차로안,승용,남,38세,상해없음,보행자,여,49세,경상,35.160481,129.02606799999998
51,2017011400100040.0,2017년 1월 14일 01시,토요일,부산광역시 부산진구 범천동,경상사고,0,0,3,0,차대차 - 추돌,안전운전불이행,포장 - 건조,맑음,교차로 - 교차로부근,승용,남,32세,상해없음,승용,남,66세,경상,35.148034,129.059236
52,2017011900100073.0,2017년 1월 19일 06시,목요일,부산광역시 부산진구 개금동,경상사고,0,0,1,0,차대차 - 정면충돌,안전운전불이행,포장 - 건조,맑음,단일로 - 고가도로위,승용,남,48세,상해없음,화물,남,50세,경상,35.154861,129.032254
53,2017012100100021.0,2017년 1월 21일 00시,토요일,부산광역시 부산진구 부암동,경상사고,0,0,1,0,차대차 - 기타,중앙선침범,포장 - 건조,맑음,단일로 - 기타,이륜,남,36세,상해없음,이륜,남,25세,경상,35.167598999999996,129.051206
54,2017012900100036.0,2017년 1월 29일 03시,일요일,부산광역시 부산진구 부전동,중상사고,0,1,1,0,차대차 - 정면충돌,신호위반,포장 - 건조,맑음,교차로 - 교차로안,이륜,남,24세,상해없음,승용,남,56세,상해없음,35.154456,129.062348
55,2017013000100259.0,2017년 1월 30일 17시,월요일,부산광역시 부산진구 연지동,경상사고,0,0,2,0,차대차 - 추돌,안전운전불이행,포장 - 건조,맑음,교차로 - 교차로부근,승용,남,50세,상해없음,승용,남,40세,경상,35.171782,129.059269
56,2017020300100050.0,2017년 2월 3일 02시,금요일,부산광역시 부산진구 범전동,경상사고,0,0,1,0,차대차 - 정면충돌,신호위반,포장 - 건조,맑음,교차로 - 교차로안,승용,남,45세,상해없음,승용,남,71세,상해없음,35.164053,129.05416
57,2017021500100457.0,2017년 2월 15일 20시,수요일,부산광역시 부산진구 가야동,경상사고,0,0,1,0,차대차 - 정면충돌,교차로운행방법위반,포장 - 건조,흐림,교차로 - 교차로안,원동기,남,58세,상해없음,승용,남,68세,상해없음,35.154428,129.037273
58,2017021900100092.0,2017년 2월 19일 06시,일요일,부산광역시 부산진구 가야동,경상사고,0,0,2,0,차대차 - 추돌,안전운전불이행,포장 - 건조,맑음,단일로 - 기타,승용,남,32세,상해없음,승용,남,67세,경상,35.155011,129.03819199999998
59,2017021900100141.0,2017년 2월 19일 11시,일요일,부산광역시 부산진구 개금동,경상사고,0,0,3,0,차대차 - 추돌,안전운전불이행,포장 - 건조,맑음,단일로 - 기타,승용,여,48세,상해없음,승용,남,70세,경상,35.156875,129.024567
60,2017022800100062.0,2017년 2월 28일 05시,화요일,부산광역시 부산진구 부전동,경상사고,0,0,2,0,차대차 - 측면충돌,차로위반,포장 - 건조,맑음,단일로 - 기타,승용,남,21세,상해없음,승합,남,52세,경상,35.153615,129.059138
61,2017030600100451.0,2017년 3월 6일 19시,월요일,부산광역시 부산진구 당감동,경상사고,0,0,1,0,차대차 - 추돌,안전운전불이행,포장 - 건조,맑음,단일로 - 기타,화물,남,60세,상해없음,승용,남,46세,경상,35.172022999999996,129.02866
62,2017031000100071.0,2017년 3월 10일 06시,금요일,부산광역시 부산진구 양정동,중상사고,0,1,0,0,차대차 - 측면충돌,신호위반,포장 - 건조,맑음,단일로 - 기타,승용,남,62세,상해없음,이륜,남,55세,중상,35.170429,129.069246
63,2017031500100055.0,2017년 3월 15일 04시,수요일,부산광역시 부산진구 부전동,부상신고사고,0,0,0,1,차대차 - 측면충돌,중앙선침범,포장 - 건조,맑음,교차로 - 교차로부근,원동기,남,19세,부상신고,승용,남,29세,상해없음,35.155499,129.062374
64,2017031800100046.0,2017년 3월 18일 01시,토요일,부산광역시 부산진구 당감동,중상사고,0,2,0,0,차대차 - 정면충돌,안전운전불이행,포장 - 건조,흐림,교차로 - 교차로부근,승용,여,36세,상해없음,승용,남,66세,중상,35.160102,129.03524099999998
65,2017031900100094.0,2017년 3월 19일 05시,일요일,부산광역시 부산진구 전포동,중상사고,0,1,0,0,차대차 - 측면충돌,중앙선침범,포장 - 건조,맑음,교차로 - 교차로안,승용,남,28세,상해없음,승용,남,60세,상해없음,35.149078,129.065902
66,2017032000100469.0,2017년 3월 20일 20시,월요일,부산광역시 부산진구 당감동,중상사고,0,1,0,0,차대차 - 측면충돌,안전운전불이행,포장 - 젖음/습기,비,교차로 - 교차로안,승용,여,46세,상해없음,승용,남,52세,중상,35.165161,129.033319
67,2017032100100033.0,2017년 3월 21일 01시,화요일,부산광역시 부산진구 부전동,경상사고,0,0,1,0,차대차 - 정면충돌,중앙선침범,포장 - 젖음/습기,비,단일로 - 기타,승용,남,35세,상해없음,승용,남,59세,경상,35.156486,129.06233799999998
68,2017032500100083.0,2017년 3월 25일 04시,토요일,부산광역시 부산진구 부전동,중상사고,0,1,0,0,차대차 - 측면충돌,안전운전불이행,포장 - 젖음/습기,비,교차로 - 교차로안,이륜,남,21세,중상,승용,남,33세,상해없음,35.152045,129.056979
69,2017032500100546.0,2017년 3월 25일 22시,토요일,부산광역시 부산진구 전포동,중상사고,0,1,2,0,차대사람 - 횡단중,보행자보호의무위반,포장 - 젖음/습기,흐림,단일로 - 기타,승용,남,28세,상해없음,보행자,남,37세,중상,35.16088,129.06434099999998
70,2017040400100463.0,2017년 4월 4일 21시,화요일,부산광역시 부산진구 개금동,중상사고,0,1,0,0,차대사람 - 횡단중,보행자보호의무위반,포장 - 건조,맑음,단일로 - 기타,원동기,남,62세,상해없음,보행자,남,29세,중상,35.146188,129.019774
71,2017041000100032.0,2017년 4월 10일 00시,월요일,부산광역시 부산진구 범천동,경상사고,0,0,1,0,차대차 - 정면충돌,안전운전불이행,포장 - 젖음/습기,비,단일로 - 기타,승용,여,26세,상해없음,승용,남,71세,기타불명,35.148214,129.058042
72,2017041000100574.0,2017년 4월 10일 21시,월요일,부산광역시 부산진구 가야동,경상사고,0,0,2,0,차대차 - 정면충돌,안전운전불이행,포장 - 건조,맑음,단일로 - 기타,승용,남,58세,상해없음,승용,남,32세,경상,35.148112,129.033446
73,2017042000100044.0,2017년 4월 20일 02시,목요일,부산광역시 부산진구 당감동,경상사고,0,0,1,0,차대차 - 정면충돌,안전운전불이행,포장 - 건조,맑음,단일로 - 기타,승용,남,31세,경상,승용,남,50세,상해없음,35.165896000000004,129.039105
74,2017042100100622.0,2017년 4월 21일 23시,금요일,부산광역시 부산진구 가야동,경상사고,0,0,5,0,차대차 - 추돌,안전운전불이행,포장 - 건조,맑음,교차로 - 교차로안,승용,여,55세,상해없음,승용,남,68세,경상,35.148992,129.030078
75,2017042200100099.0,2017년 4월 22일 06시,토요일,부산광역시 부산진구 개금동,경상사고,0,0,1,0,차대차 - 정면충돌,중앙선침범,포장 - 건조,맑음,단일로 - 기타,승용,남,23세,상해없음,승용,남,56세,경상,35.161125,129.029434
76,2017042600100045.0,2017년 4월 26일 02시,수요일,부산광역시 부산진구 부전동,경상사고,0,0,1,0,차대사람 - 횡단중,안전운전불이행,포장 - 건조,맑음,교차로 - 교차로부근,승용,남,26세,상해없음,보행자,남,23세,경상,35.154514,129.059276
77,2017042900100084.0,2017년 4월 29일 04시,토요일,부산광역시 부산진구 연지동,경상사고,0,0,1,0,차대차 - 기타,신호위반,포장 - 건조,맑음,교차로 - 교차로안,승용,남,30세,상해없음,승용,남,63세,경상,35.170663,129.055329
78,2017051200100397.0,2017년 5월 12일 17시,금요일,부산광역시 부산진구 범천동,중상사고,0,1,0,0,차대차 - 정면충돌,차로위반,포장 - 젖음/습기,비,단일로 - 기타,이륜,남,64세,상해없음,승용,여,64세,중상,35.146394,129.059325
79,2017051400100065.0,2017년 5월 14일 04시,일요일,부산광역시 부산진구 가야동,경상사고,0,0,2,0,차대차 - 정면충돌,보행자보호의무위반,포장 - 건조,맑음,단일로 - 기타,승용,남,61세,상해없음,승용,남,32세,경상,35.154759000000006,129.032136
80,2017051400100084.0,2017년 5월 14일 06시,일요일,부산광역시 부산진구 부암동,중상사고,0,1,0,0,차량단독 - 기타,안전운전불이행,포장 - 건조,맑음,단일로 - 기타,이륜,남,19세,상해없음,,,,,35.162438,129.04826699999998
81,2017052500100081.0,2017년 5월 25일 06시,목요일,부산광역시 부산진구 당감동,중상사고,0,1,0,0,차대차 - 기타,안전운전불이행,포장 - 건조,맑음,단일로 - 기타,승용,남,48세,상해없음,화물,남,61세,중상,35.161225,129.038902
82,2017052800100519.0,2017년 5월 28일 23시,일요일,부산광역시 부산진구 가야동,중상사고,0,1,0,0,차대차 - 측면충돌,안전운전불이행,포장 - 건조,맑음,단일로 - 기타,개인형이동수단(PM),여,30세,중상,승용,남,56세,상해없음,35.154794,129.036324
83,2017052900100608.0,2017년 5월 29일 23시,월요일,부산광역시 부산진구 부암동,경상사고,0,0,1,0,차대차 - 추돌,안전운전불이행,포장 - 건조,맑음,교차로 - 교차로부근,승용,남,46세,상해없음,승용,남,33세,경상,35.162776,129.049933
84,2017053100100112.0,2017년 5월 31일 08시,수요일,부산광역시 부산진구 부전동,경상사고,0,0,1,0,차대차 - 기타,중앙선침범,포장 - 건조,맑음,단일로 - 기타,승용,남,30세,기타불명,승용,남,33세,경상,35.153062,129.056266
85,2017060200100678.0,2017년 6월 2일 23시,금요일,부산광역시 부산진구 부전동,중상사고,0,3,2,0,차대차 - 추돌,안전거리미확보,포장 - 건조,맑음,단일로 - 기타,승용,남,40세,상해없음,승용,남,61세,경상,35.156597,129.059174
86,2017062100100055.0,2017년 6월 21일 02시,수요일,부산광역시 부산진구 초읍동,경상사고,0,0,1,0,차대차 - 정면충돌,안전운전불이행,포장 - 건조,흐림,교차로 - 교차로안,승용,남,28세,상해없음,원동기,남,37세,경상,35.175437,129.04876399999998
87,2017062300100135.0,2017년 6월 23일 08시,금요일,부산광역시 부산진구 전포동,경상사고,0,0,3,0,차대차 - 측면충돌,중앙선침범,포장 - 건조,맑음,단일로 - 기타,승용,여,39세,상해없음,화물,남,29세,경상,35.159022,129.065437
88,2017062400100280.0,2017년 6월 24일 13시,토요일,부산광역시 부산진구 가야동,경상사고,0,0,1,0,차대차 - 추돌,안전운전불이행,포장 - 건조,맑음,단일로 - 기타,이륜,남,44세,상해없음,승용,여,62세,경상,35.155590999999994,129.040409
89,2017062600100065.0,2017년 6월 26일 06시,월요일,부산광역시 부산진구 부전동,경상사고,0,0,1,0,차대차 - 추돌,안전운전불이행,포장 - 젖음/습기,비,단일로 - 기타,이륜,남,42세,상해없음,승용,남,45세,경상,35.158931,129.06008799999998
90,2017062900100593.0,2017년 6월 29일 23시,목요일,부산광역시 부산진구 부전동,부상신고사고,0,0,0,1,차대차 - 측면충돌,안전운전불이행,포장 - 젖음/습기,비,단일로 - 기타,이륜,남,21세,부상신고,승용,남,41세,상해없음,35.151724,129.057807
91,2017070400100320.0,2017년 7월 4일 15시,화요일,부산광역시 부산진구 부전동,경상사고,0,0,1,0,차대차 - 기타,안전운전불이행,포장 - 젖음/습기,비,단일로 - 기타,승용,남,22세,상해없음,화물,남,34세,경상,35.152763,129.05916299999998
92,2017071000100461.0,2017년 7월 10일 19시,월요일,부산광역시 부산진구 전포동,중상사고,0,1,1,0,차대차 - 측면충돌,신호위반,포장 - 젖음/습기,비,교차로 - 교차로안,승용,남,37세,상해없음,승용,여,42세,중상,35.150417,129.06255
93,2017071800100077.0,2017년 7월 18일 06시,화요일,부산광역시 부산진구 부전동,경상사고,0,0,2,0,차대차 - 추돌,안전거리미확보,포장 - 건조,맑음,단일로 - 기타,승용,남,27세,상해없음,승합,남,59세,경상,35.152967,129.06237
94,2017072100100579.0,2017년 7월 21일 21시,금요일,부산광역시 부산진구 양정동,경상사고,0,0,4,0,차대차 - 추돌,안전운전불이행,포장 - 건조,맑음,교차로 - 교차로부근,승용,남,42세,상해없음,승용,여,58세,경상,35.173969,129.07388
95,2017072300100076.0,2017년 7월 23일 04시,일요일,부산광역시 부산진구 범천동,경상사고,0,0,4,0,차대차 - 측면충돌,안전운전불이행,포장 - 건조,맑음,교차로 - 교차로부근,승용,남,38세,상해없음,승용,남,63세,경상,35.142337,129.056296
96,2017072300100093.0,2017년 7월 23일 06시,일요일,부산광역시 부산진구 부전동,부상신고사고,0,0,0,1,차대차 - 측면충돌,안전운전불이행,포장 - 건조,맑음,교차로 - 교차로안,이륜,남,22세,부상신고,승용,남,59세,상해없음,35.155346,129.05993
97,2017072500100065.0,2017년 7월 25일 05시,화요일,부산광역시 부산진구 전포동,경상사고,0,0,1,0,차대차 - 측면충돌,신호위반,포장 - 건조,맑음,교차로 - 교차로안,이륜,남,18세,상해없음,승용,남,64세,상해없음,35.150653000000005,129.062429
98,2017072600100164.0,2017년 7월 26일 09시,수요일,부산광역시 부산진구 전포동,경상사고,0,0,1,0,차대사람 - 횡단중,보행자보호의무위반,포장 - 건조,맑음,단일로 - 기타,화물,남,56세,상해없음,보행자,여,26세,경상,35.163469,129.064621
99,2017081300100096.0,2017년 8월 13일 07시,일요일,부산광역시 부산진구 범전동,경상사고,0,0,2,0,차대차 - 정면충돌,안전거리미확보,포장 - 건조,맑음,단일로 - 기타,승용,여,25세,상해없음,승용,남,57세,경상,35.166184,129.065419
100,2017081800100045.0,2017년 8월 18일 03시,금요일,부산광역시 부산진구 부전동,부상신고사고,0,0,0,1,차대차 - 측면충돌,안전운전불이행,포장 - 젖음/습기,비,단일로 - 기타,개인형이동수단(PM),남,25세,부상신고,승용,남,58세,상해없음,35.157781,129.060151
101,2017082500100688.0,2017년 8월 25일 23시,금요일,부산광역시 부산진구 부암동,경상사고,0,0,1,0,차대차 - 추돌,안전운전불이행,포장 - 건조,맑음,단일로 - 기타,승용,여,51세,상해없음,승용,여,28세,경상,35.167536,129.05123600000002