,사고번호,발생일시,발생요일,발생시군구,사고내용,사망자수,중상자수,경상자수,부상신고자수,사고유형,법규위반,노면상태,기상상태,도로형태,가해운전자 차종,가해운전자 성별,가해운전자 연령,가해운전자 상해정도,피해운전자 차종,피해운전자 성별,피해운전자 연령,피해운전자 상해정도,위도,경도
102,2017083000100023.0,2017년 8월 30일 00시,수요일,부산광역시 부산진구 부전동,경상사고,0,0,1,0,차대사람 - 기타,안전운전불이행,포장 - 건조,맑음,단일로 - 기타,승용,남,31세,상해없음,보행자,여,61세,경상,35.163381,129.06039199999998
103,2017090600100037.0,2017년 9월 6일 01시,수요일,부산광역시 부산진구 부전동,경상사고,0,0,2,0,차대차 - 기타,안전거리미확보,포장 - 건조,맑음,단일로 - 기타,승용,남,33세,상해없음,승용,남,49세,경상,35.155182,129.059121
104,2017090600100584.0,2017년 9월 6일 21시,수요일,부산광역시 부산진구 가야동,경상사고,0,0,4,0,차대차 - 추돌,안전거리미확보,포장 - 건조,맑음,단일로 - 기타,승용,남,33세,상해없음,승용,남,37세,경상,35.154407,129.032095
105,2017091000100095.0,2017년 9월 10일 05시,일요일,부산광역시 부산진구 부전동,중상사고,0,1,0,0,차대사람 - 기타,안전운전불이행,포장 - 건조,맑음,교차로 - 교차로부근,승용,남,26세,상해없음,보행자,남,18세,중상,35.155284,129.060804
106,2017091600100603.0,2017년 9월 16일 22시,토요일,부산광역시 부산진구 당감동,중상사고,0,1,0,0,차량단독 - 공작물충돌,안전운전불이행,포장 - 건조,맑음,단일로 - 기타,승용,남,58세,중상,,,,,35.162372999999995,129.044306
107,2017091900100064.0,2017년 9월 19일 05시,화요일,부산광역시 부산진구 개금동,경상사고,0,0,2,0,차대차 - 추돌,안전운전불이행,포장 - 건조,맑음,교차로 - 교차로부근,승용,남,26세,상해없음,승용,남,71세,경상,35.153356,129.02096
108,2017092000100684.0,2017년 9월 20일 21시,수요일,부산광역시 부산진구 양정동,경상사고,0,0,2,0,차대차 - 추돌,안전거리미확보,포장 - 건조,맑음,단일로 - 기타,승용,남,33세,상해없음,승용,남,31세,경상,35.17041,129.069162
109,2017092200100720.0,2017년 9월 22일 22시,금요일,부산광역시 부산진구 개금동,경상사고,0,0,1,0,차대차 - 기타,안전운전불이행,포장 - 건조,맑음,단일로 - 기타,승용,남,67세,상해없음,승용,여,37세,경상,35.148826,129.02067399999999
110,2017092700100078.0,2017년 9월 27일 05시,수요일,부산광역시 부산진구 양정동,경상사고,0,0,1,0,차대차 - 추돌,안전운전불이행,포장 - 젖음/습기,비,단일로 - 기타,이륜,남,24세,상해없음,승용,남,38세,경상,35.176425,129.073979
111,2017093000100098.0,2017년 9월 30일 06시,토요일,부산광역시 부산진구 연지동,경상사고,0,0,1,0,차대사람 - 기타,기타,포장 - 건조,맑음,교차로 - 교차로부근,원동기,남,43세,상해없음,보행자,남,43세,경상,35.164984000000004,129.053348
112,2017100100100117.0,2017년 10월 1일 07시,일요일,부산광역시 부산진구 당감동,중상사고,0,1,1,0,차대차 - 측면충돌,신호위반,포장 - 건조,맑음,교차로 - 교차로안,이륜,남,20세,상해없음,승용,남,71세,경상,35.168156,129.03680400000002
113,2017100300100032.0,2017년 10월 3일 01시,화요일,부산광역시 부산진구 부전동,중상사고,0,1,0,0,차대차 - 측면충돌,안전거리미확보,포장 - 건조,맑음,단일로 - 기타,승용,남,25세,상해없음,이륜,남,22세,중상,35.157385,129.057793
114,2017101100100406.0,2017년 10월 11일 17시,수요일,부산광역시 부산진구 당감동,경상사고,0,0,2,0,차대차 - 측면충돌,안전운전불이행,포장 - 건조,맑음,단일로 - 터널,승용,남,72세,상해없음,승용,여,56세,경상,35.176719,129.016908
115,2017101400100075.0,2017년 10월 14일 04시,토요일,부산광역시 부산진구 부전동,경상사고,0,0,2,0,차대차 - 기타,신호위반,포장 - 건조,맑음,교차로 - 교차로안,승용,남,24세,기타불명,승용,남,52세,경상,35.164004999999996,129.06392
116,2017101500100096.0,2017년 10월 15일 06시,일요일,부산광역시 부산진구 전포동,중상사고,0,2,0,0,차대차 - 정면충돌,중앙선침범,포장 - 젖음/습기,비,단일로 - 기타,승용,남,31세,상해없음,승용,남,74세,중상,35.151769,129.07308999999998
117,2017102200100511.0,2017년 10월 22일 20시,일요일,부산광역시 부산진구 당감동,중상사고,0,1,0,0,차대사람 - 기타,안전운전불이행,포장 - 건조,맑음,교차로 - 교차로안,승용,남,56세,상해없음,보행자,여,23세,중상,35.167808,129.033063
118,2017103000100042.0,2017년 10월 30일 01시,월요일,부산광역시 부산진구 부전동,경상사고,0,0,1,0,차량단독 - 공작물충돌,안전운전불이행,포장 - 건조,맑음,단일로 - 기타,화물,남,60세,경상,,,,,35.164669,129.06266000000002
119,2017103000100065.0,2017년 10월 30일 05시,월요일,부산광역시 부산진구 가야동,중상사고,0,1,0,0,차대사람 - 횡단중,보행자보호의무위반,포장 - 건조,맑음,단일로 - 기타,승용,남,20세,상해없음,보행자,여,74세,중상,35.147861999999996,129.03151
120,2017103000100464.0,2017년 10월 30일 16시,월요일,부산광역시 부산진구 연지동,중상사고,0,1,0,0,차대사람 - 차도통행중,안전운전불이행,포장 - 건조,맑음,단일로 - 기타,승용,남,63세,상해없음,보행자,남,77세,중상,35.174354,129.054849
121,2017110300100052.0,2017년 11월 3일 01시,금요일,부산광역시 부산진구 범천동,중상사고,0,1,0,1,차대차 - 추돌,안전운전불이행,포장 - 건조,맑음,단일로 - 기타,이륜,남,44세,부상신고,화물,남,36세,상해없음,35.14712,129.054734
122,2017110300100724.0,2017년 11월 3일 22시,금요일,부산광역시 부산진구 전포동,경상사고,0,0,3,0,차대차 - 추돌,안전운전불이행,포장 - 건조,맑음,단일로 - 기타,승용,남,36세,상해없음,승용,여,40세,경상,35.163796999999995,129.065381
123,2017110400100385.0,2017년 11월 4일 16시,토요일,부산광역시 부산진구 가야동,경상사고,0,0,1,0,차대차 - 추돌,안전운전불이행,포장 - 건조,맑음,교차로 - 교차로부근,화물,남,45세,상해없음,승용,남,64세,경상,35.153940999999996,129.03155
124,2017110700100283.0,2017년 11월 7일 13시,화요일,부산광역시 부산진구 가야동,중상사고,0,1,0,0,차대사람 - 횡단중,신호위반,포장 - 건조,맑음,교차로 - 교차로횡단보도내,화물,남,55세,상해없음,보행자,여,56세,중상,35.153597,129.029368
125,2017110900100615.0,2017년 11월 9일 21시,목요일,부산광역시 부산진구 양정동,경상사고,0,0,1,0,차대차 - 기타,안전운전불이행,포장 - 건조,맑음,단일로 - 기타,승용,남,47세,상해없음,승용,남,63세,경상,35.172297,129.070731
126,2017112700100610.0,2017년 11월 27일 23시,월요일,부산광역시 부산진구 개금동,경상사고,0,0,1,0,차대차 - 측면충돌,안전운전불이행,포장 - 건조,맑음,단일로 - 고가도로위,승용,남,43세,상해없음,승용,남,56세,경상,35.157616,129.025856
127,2017112800100052.0,2017년 11월 28일 01시,화요일,부산광역시 부산진구 당감동,중상사고,0,1,0,0,차대사람 - 기타,안전운전불이행,포장 - 건조,맑음,단일로 - 기타,승용,남,49세,상해없음,보행자,남,66세,중상,35.170190999999996,129.026511
128,2017120800100054.0,2017년 12월 8일 01시,금요일,부산광역시 부산진구 전포동,중상사고,0,2,0,0,차대차 - 기타,신호위반,포장 - 건조,맑음,교차로 - 교차로안,승용,남,43세,상해없음,이륜,남,24세,중상,35.163244,129.065381
129,2017121000100134.0,2017년 12월 10일 07시,일요일,부산광역시 부산진구 가야동,경상사고,0,0,2,0,차대차 - 추돌,안전운전불이행,포장 - 건조,맑음,단일로 - 기타,승용,남,48세,상해없음,승용,남,76세,경상,35.154582,129.035228
130,2017121000100427.0,2017년 12월 10일 20시,일요일,부산광역시 부산진구 가야동,경상사고,0,0,1,0,차대차 - 기타,신호위반,포장 - 건조,맑음,교차로 - 교차로안,승용,남,39세,상해없음,승용,남,70세,경상,35.153822,129.03210900000002
131,2017121400100027.0,2017년 12월 14일 00시,목요일,부산광역시 부산진구 범천동,경상사고,0,0,1,0,차대차 - 추돌,안전운전불이행,포장 - 건조,맑음,단일로 - 기타,이륜,남,49세,상해없음,승용,남,46세,경상,35.147896,129.059228
132,2017020000000000.0,2017년 2월 9일 21시,목요일,부산광역시 동구 초량동,경상사고,0,0,1,0,차대차 - 추돌,안전운전불이행,포장 - 건조,맑음,단일로 - 기타,승용,남,25세,상해없음,승용,남,35세,경상,35.118487,129.041599
133,2017020000000000.0,2017년 2월 25일 00시,토요일,부산광역시 동구 범일동,경상사고,0,0,3,0,차대차 - 기타,안전운전불이행,포장 - 건조,맑음,기타 - 기타,승용,남,35세,상해없음,승용,남,62세,경상,35.1387,129.06391200000002
134,2017020000000000.0,2017년 2월 27일 23시,월요일,부산광역시 동구 범일동,중상사고,0,1,0,0,차대사람 - 기타,안전운전불이행,포장 - 건조,맑음,단일로 - 기타,승용,남,48세,상해없음,보행자,남,43세,중상,35.138651,129.06123
135,2017030000000000.0,2017년 3월 6일 23시,월요일,부산광역시 동구 범일동,경상사고,0,0,1,0,차대차 - 측면충돌,신호위반,포장 - 건조,맑음,교차로 - 교차로안,원동기,남,30세,상해없음,승용,남,56세,경상,35.13711,129.059425
136,2017030000000000.0,2017년 3월 8일 10시,수요일,부산광역시 동구 수정동,경상사고,0,0,1,0,차대차 - 기타,안전운전불이행,포장 - 건조,맑음,단일로 - 기타,승용,여,52세,상해없음,승용,남,31세,경상,35.117754,129.037754
137,2017030000000000.0,2017년 3월 28일 00시,화요일,부산광역시 동구 수정동,경상사고,0,0,1,0,차대사람 - 기타,안전운전불이행,포장 - 건조,맑음,교차로 - 교차로안,승용,남,28세,상해없음,보행자,남,58세,경상,35.125979,129.044587
138,2017040000000000.0,2017년 4월 10일 06시,월요일,부산광역시 동구 범일동,중상사고,0,1,0,0,차대차 - 기타,안전운전불이행,포장 - 건조,맑음,교차로 - 교차로부근,승용,남,28세,상해없음,승용,남,64세,중상,35.134923,129.05947700000002
139,2017040000000000.0,2017년 4월 18일 12시,화요일,부산광역시 동구 범일동,중상사고,0,1,0,0,차대차 - 측면충돌,신호위반,포장 - 건조,맑음,교차로 - 교차로안,원동기,남,46세,중상,승용,여,52세,상해없음,35.137105,129.059427
140,2017040000000000.0,2017년 4월 22일 06시,토요일,부산광역시 동구 수정동,경상사고,0,0,1,0,차대차 - 측면충돌,안전운전불이행,포장 - 건조,맑음,단일로 - 기타,원동기,남,54세,상해없음,화물,남,35세,상해없음,35.128137,129.03914
141,2017040000000000.0,2017년 4월 28일 19시,금요일,부산광역시 동구 범일동,중상사고,0,1,0,0,차대사람 - 기타,안전운전불이행,포장 - 건조,기타,단일로 - 기타,승용,남,63세,상해없음,보행자,여,62세,중상,35.137076,129.057575
142,2017050000000000.0,2017년 5월 16일 05시,화요일,부산광역시 동구 초량동,중상사고,0,1,0,0,차대차 - 측면충돌,교차로운행방법위반,포장 - 건조,맑음,교차로 - 교차로안,이륜,남,24세,중상,화물,남,41세,상해없음,35.116240999999995,129.03908
143,2017050000000000.0,2017년 5월 21일 14시,일요일,부산광역시 동구 초량동,중상사고,0,1,3,0,차대차 - 기타,중앙선침범,포장 - 건조,맑음,단일로 - 기타,승용,남,23세,상해없음,승용,남,55세,중상,35.118246,129.04144499999998
144,2017060000000000.0,2017년 6월 20일 21시,화요일,부산광역시 동구 초량동,중상사고,0,5,3,1,차대차 - 추돌,안전운전불이행,포장 - 젖음/습기,비,단일로 - 기타,승용,남,50세,중상,승합,남,51세,중상,35.126336,129.045392
145,2017070000000000.0,2017년 7월 2일 10시,일요일,부산광역시 동구 수정동,중상사고,0,1,0,0,차대사람 - 기타,기타,포장 - 건조,맑음,단일로 - 기타,원동기,남,69세,중상,보행자,남,55세,상해없음,35.125982,129.036762
146,2017070000000000.0,2017년 7월 5일 21시,수요일,부산광역시 동구 초량동,중상사고,0,1,1,0,차대차 - 기타,안전운전불이행,포장 - 건조,맑음,단일로 - 기타,승용,남,50세,상해없음,승용,남,26세,중상,35.114676,129.03945
147,2017070000000000.0,2017년 7월 11일 01시,화요일,부산광역시 동구 범일동,경상사고,0,0,1,0,차대차 - 기타,안전운전불이행,포장 - 젖음/습기,비,기타 - 기타,화물,남,54세,상해없음,승용,남,44세,상해없음,35.139765999999995,129.059355
148,2017090000000000.0,2017년 9월 8일 04시,금요일,부산광역시 동구 범일동,부상신고사고,0,0,0,1,차대차 - 기타,안전운전불이행,포장 - 건조,맑음,교차로 - 교차로안,원동기,남,36세,부상신고,승용,남,54세,상해없음,35.137087,129.059369
149,2017090000000000.0,2017년 9월 9일 02시,토요일,부산광역시 동구 초량동,사망사고,1,0,0,0,차대사람 - 기타,안전운전불이행,포장 - 건조,맑음,단일로 - 기타,승용,남,35세,상해없음,보행자,여,60세,사망,35.116026,129.03686499999998
150,2017090000000000.0,2017년 9월 29일 21시,금요일,부산광역시 동구 범일동,경상사고,0,0,1,0,차대차 - 측면충돌,안전운전불이행,포장 - 건조,맑음,단일로 - 기타,승용,남,66세,상해없음,승용,남,42세,경상,35.139674,129.06153
151,2017110000000000.0,2017년 11월 19일 05시,일요일,부산광역시 동구 범일동,중상사고,0,1,0,0,차대차 - 기타,안전운전불이행,포장 - 건조,맑음,단일로 - 기타,이륜,남,26세,상해없음,승합,남,56세,상해없음,35.139809,129.059342
152,2017110000000000.0,2017년 11월 20일 05시,월요일,부산광역시 동구 초량동,중상사고,0,1,0,0,차대사람 - 기타,안전운전불이행,포장 - 건조,맑음,기타 - 기타,승용,남,63세,상해없음,보행자,여,65세,중상,35.122059,129.038331
153,2017110000000000.0,2017년 11월 28일 02시,화요일,부산광역시 동구 수정동,중상사고,0,3,0,0,차대차 - 추돌,안전운전불이행,포장 - 건조,맑음,교차로 - 교차로부근,승용,남,37세,상해없음,승용,남,42세,중상,35.126732000000004,129.04678
154,2017010100100108.0,2017년 1월 1일 06시,일요일,부산광역시 동래구 온천동,경상사고,0,0,1,0,차대차 - 추돌,안전거리미확보,포장 - 건조,맑음,단일로 - 기타,승용,남,26세,상해없음,승용,남,70세,경상,35.211335,129.078626
155,2017010600100553.0,2017년 1월 6일 22시,금요일,부산광역시 동래구 수안동,경상사고,0,0,1,0,차대차 - 측면충돌,중앙선침범,포장 - 건조,맑음,단일로 - 기타,승용,남,48세,상해없음,승용,여,49세,경상,35.200956,129.084169
156,2017010800100397.0,2017년 1월 8일 21시,일요일,부산광역시 동래구 온천동,경상사고,0,0,1,0,차대차 - 추돌,안전운전불이행,포장 - 건조,맑음,단일로 - 기타,승용,남,32세,상해없음,승용,남,38세,경상,35.206563,129.068799
157,2017011100100055.0,2017년 1월 11일 03시,수요일,부산광역시 동래구 안락동,경상사고,0,0,1,0,차대차 - 기타,안전운전불이행,포장 - 건조,맑음,단일로 - 기타,승용,남,35세,상해없음,승용,남,59세,경상,35.199301,129.107079
158,2017012100100042.0,2017년 1월 21일 01시,토요일,부산광역시 동래구 온천동,경상사고,0,0,3,0,차대차 - 추돌,안전운전불이행,포장 - 건조,맑음,교차로 - 교차로부근,승용,남,26세,상해없음,승용,남,42세,경상,35.208329,129.06851899999998
159,2017012200100156.0,2017년 1월 22일 11시,일요일,부산광역시 동래구 사직동,경상사고,0,0,1,0,차대차 - 추돌,안전거리미확보,포장 - 건조,맑음,교차로 - 교차로안,승용,남,63세,상해없음,승용,여,29세,경상,35.200513,129.064679
160,2017012400100027.0,2017년 1월 24일 00시,화요일,부산광역시 동래구 안락동,중상사고,0,1,0,0,차대차 - 측면충돌,신호위반,포장 - 건조,맑음,교차로 - 교차로안,화물,남,27세,상해없음,승용,남,57세,중상,35.202589,129.09938200000002
161,2017012700100119.0,2017년 1월 27일 06시,금요일,부산광역시 동래구 명륜동,중상사고,0,1,1,0,차대차 - 추돌,안전운전불이행,포장 - 건조,맑음,단일로 - 기타,승용,남,34세,상해없음,승용,여,36세,중상,35.208059999999996,129.082148
162,2017020800100055.0,2017년 2월 8일 05시,수요일,부산광역시 동래구 안락동,사망사고,1,0,0,0,차대차 - 측면충돌,안전운전불이행,포장 - 건조,맑음,단일로 - 기타,승용,남,18세,상해없음,승용,남,27세,상해없음,35.197239,129.10052
163,2017020800100080.0,2017년 2월 8일 07시,수요일,부산광역시 동래구 안락동,경상사고,0,0,1,0,차대차 - 추돌,안전운전불이행,포장 - 건조,맑음,단일로 - 기타,승용,남,34세,상해없음,화물,남,51세,경상,35.200607,129.09958500000002
164,2017021100100413.0,2017년 2월 11일 18시,토요일,부산광역시 동래구 사직동,경상사고,0,0,1,0,차대차 - 측면충돌,안전운전불이행,포장 - 건조,맑음,교차로 - 교차로부근,화물,남,49세,상해없음,승용,남,72세,경상,35.194812,129.058718
165,2017021300100557.0,2017년 2월 13일 23시,월요일,부산광역시 동래구 사직동,경상사고,0,0,1,0,차대차 - 추돌,안전운전불이행,포장 - 건조,맑음,교차로 - 교차로안,승용,남,52세,상해없음,승용,남,34세,경상,35.201325,129.05686799999998
166,2017022200100580.0,2017년 2월 22일 23시,수요일,부산광역시 동래구 온천동,중상사고,0,1,0,0,차대사람 - 횡단중,보행자보호의무위반,포장 - 젖음/습기,비,교차로 - 교차로횡단보도내,승용,남,33세,상해없음,보행자,남,64세,중상,35.224385,129.081903
167,2017022300100524.0,2017년 2월 23일 22시,목요일,부산광역시 동래구 사직동,중상사고,0,1,0,0,차대차 - 추돌,안전거리미확보,포장 - 건조,맑음,단일로 - 기타,화물,남,54세,상해없음,승용,남,59세,중상,35.198083000000004,129.074333
168,2017022700100019.0,2017년 2월 27일 00시,월요일,부산광역시 동래구 온천동,경상사고,0,0,4,0,차대차 - 측면충돌,안전운전불이행,포장 - 건조,맑음,단일로 - 기타,승용,남,25세,상해없음,승용,남,32세,경상,35.209684,129.06365
169,2017022800100132.0,2017년 2월 28일 09시,화요일,부산광역시 동래구 낙민동,중상사고,0,1,2,2,차대차 - 추돌,안전운전불이행,포장 - 건조,맑음,교차로 - 교차로부근,승용,남,43세,상해없음,승합,남,66세,경상,35.194428,129.093487
170,2017030100100488.0,2017년 3월 1일 23시,수요일,부산광역시 동래구 명륜동,경상사고,0,0,1,0,차대사람 - 차도통행중,안전운전불이행,포장 - 건조,흐림,단일로 - 기타,승용,남,50세,상해없음,보행자,여,47세,경상,35.210932,129.079348
171,2017030400100013.0,2017년 3월 4일 00시,토요일,부산광역시 동래구 안락동,경상사고,0,0,2,0,차대차 - 추돌,안전운전불이행,포장 - 건조,맑음,단일로 - 기타,승용,남,28세,상해없음,승용,여,34세,경상,35.196934999999996,129.101855
172,2017030500100393.0,2017년 3월 5일 21시,일요일,부산광역시 동래구 온천동,중상사고,0,1,0,0,차대차 - 추돌,안전운전불이행,포장 - 건조,맑음,단일로 - 기타,화물,남,45세,상해없음,이륜,남,31세,중상,35.216692,129.079628
173,2017031200100226.0,2017년 3월 12일 15시,일요일,부산광역시 동래구 칠산동,경상사고,0,0,1,0,차대차 - 정면충돌,중앙선침범,포장 - 건조,맑음,단일로 - 기타,승용,남,72세,상해없음,승용,여,40세,경상,35.203351,129.090483
174,2017031600100494.0,2017년 3월 16일 21시,목요일,부산광역시 동래구 명장동,부상신고사고,0,0,0,1,차대차 - 정면충돌,안전운전불이행,포장 - 건조,맑음,교차로 - 교차로안,원동기,남,22세,부상신고,승용,여,38세,상해없음,35.204883,129.10481299999998
175,2017032500100513.0,2017년 3월 25일 21시,토요일,부산광역시 동래구 온천동,중상사고,0,1,0,0,차대차 - 추돌,안전운전불이행,포장 - 젖음/습기,비,단일로 - 기타,화물,남,43세,상해없음,승용,여,49세,중상,35.209467,129.064481
176,2017033100100210.0,2017년 3월 31일 10시,금요일,부산광역시 동래구 온천동,경상사고,0,0,1,0,차대차 - 측면충돌,신호위반,포장 - 건조,흐림,교차로 - 교차로안,승용,남,38세,상해없음,승용,남,27세,경상,35.212294,129.071306
177,2017040400100411.0,2017년 4월 4일 19시,화요일,부산광역시 동래구 안락동,중상사고,0,1,0,0,차대차 - 추돌,안전운전불이행,포장 - 건조,맑음,단일로 - 기타,승용,남,56세,상해없음,승용,여,31세,중상,35.184676,129.115497
178,2017040500100082.0,2017년 4월 5일 06시,수요일,부산광역시 동래구 명륜동,중상사고,0,1,0,0,차대차 - 기타,차로위반,포장 - 건조,맑음,교차로 - 교차로부근,승용,여,28세,상해없음,승용,남,22세,중상,35.204353999999995,129.078232
179,2017042900100533.0,2017년 4월 29일 18시,토요일,부산광역시 동래구 사직동,경상사고,0,0,1,0,차대차 - 추돌,안전운전불이행,포장 - 건조,맑음,교차로 - 교차로부근,승용,남,60세,상해없음,승용,여,61세,경상,35.198645,129.070676
180,2017042900100681.0,2017년 4월 29일 23시,토요일,부산광역시 동래구 명장동,경상사고,0,0,2,0,차대차 - 측면충돌,안전거리미확보,포장 - 건조,맑음,교차로 - 교차로안,화물,남,56세,상해없음,승용,남,55세,경상,35.204696000000006,129.101464
181,2017051200100484.0,2017년 5월 12일 19시,금요일,부산광역시 동래구 명륜동,경상사고,0,0,1,0,차대차 - 추돌,안전운전불이행,포장 - 젖음/습기,흐림,단일로 - 기타,승용,남,64세,상해없음,승용,남,42세,경상,35.213226,129.077502
182,2017051500100521.0,2017년 5월 15일 19시,월요일,부산광역시 동래구 명장동,경상사고,0,0,2,0,차대차 - 추돌,안전운전불이행,포장 - 건조,맑음,교차로 - 교차로안,승용,남,40세,상해없음,승용,남,54세,경상,35.206866999999995,129.102152
183,2017051600100017.0,2017년 5월 16일 00시,화요일,부산광역시 동래구 명장동,부상신고사고,0,0,0,1,차대차 - 추돌,안전운전불이행,포장 - 건조,맑음,교차로 - 교차로안,이륜,남,24세,부상신고,승용,여,41세,상해없음,35.212447,129.093411
184,2017051700100166.0,2017년 5월 17일 09시,수요일,부산광역시 동래구 온천동,경상사고,0,0,4,1,차대차 - 추돌,안전운전불이행,포장 - 건조,맑음,단일로 - 기타,승용,남,32세,상해없음,승용,남,53세,경상,35.213941999999996,129.076206
185,2017052600100688.0,2017년 5월 26일 22시,금요일,부산광역시 동래구 온천동,중상사고,0,1,3,0,차대차 - 추돌,안전거리미확보,포장 - 건조,맑음,단일로 - 기타,승용,남,25세,상해없음,승용,여,53세,경상,35.216996,129.078537
186,2017061000100104.0,2017년 6월 10일 06시,토요일,부산광역시 동래구 수안동,사망사고,1,0,0,0,차대차 - 측면충돌,신호위반,포장 - 건조,맑음,단일로 - 기타,승용,남,21세,상해없음,자전거,남,71세,사망,35.201264,129.086556
187,2017061000100598.0,2017년 6월 10일 22시,토요일,부산광역시 동래구 안락동,경상사고,0,0,1,0,차대차 - 측면충돌,안전운전불이행,포장 - 건조,맑음,단일로 - 기타,승용,여,34세,상해없음,이륜,남,24세,경상,35.200390999999996,129.100598
188,2017061400100086.0,2017년 6월 14일 06시,수요일,부산광역시 동래구 온천동,중상사고,0,1,0,0,차대차 - 후진중충돌,안전운전불이행,포장 - 건조,맑음,단일로 - 기타,승용,여,37세,상해없음,화물,남,64세,중상,35.205908,129.07441799999998
189,2017061500100274.0,2017년 6월 15일 12시,목요일,부산광역시 동래구 명장동,경상사고,0,0,1,0,차대차 - 추돌,안전운전불이행,포장 - 건조,맑음,교차로 - 교차로부근,승용,남,59세,상해없음,승용,남,56세,경상,35.204403000000006,129.10127
190,2017061500100644.0,2017년 6월 15일 23시,목요일,부산광역시 동래구 명륜동,중상사고,0,1,0,0,차대사람 - 횡단중,보행자보호의무위반,포장 - 건조,맑음,단일로 - 기타,원동기,남,20세,상해없음,보행자,남,61세,중상,35.207828000000006,129.082018
191,2017061600100155.0,2017년 6월 16일 09시,금요일,부산광역시 동래구 낙민동,경상사고,0,0,1,0,차대차 - 추돌,안전운전불이행,포장 - 건조,맑음,단일로 - 기타,승용,남,51세,상해없음,승용,남,23세,경상,35.200173,129.09085
192,2017062100100260.0,2017년 6월 21일 13시,수요일,부산광역시 동래구 명륜동,경상사고,0,0,2,0,차대차 - 추돌,안전운전불이행,포장 - 건조,맑음,교차로 - 교차로부근,승용,남,59세,상해없음,승용,남,45세,경상,35.213809000000005,129.090276
193,2017062600100523.0,2017년 6월 26일 20시,월요일,부산광역시 동래구 수안동,중상사고,0,2,1,0,차대차 - 측면충돌,차로위반,포장 - 건조,맑음,교차로 - 교차로부근,승용,남,55세,상해없음,승용,여,53세,중상,35.20146,129.085327
194,2017070500100483.0,2017년 7월 5일 19시,수요일,부산광역시 동래구 사직동,중상사고,0,1,0,0,차대차 - 측면충돌,중앙선침범,포장 - 건조,맑음,교차로 - 교차로안,원동기,남,67세,상해없음,원동기,남,29세,중상,35.196236,129.063434
195,2017071500100041.0,2017년 7월 15일 01시,토요일,부산광역시 동래구 명장동,경상사고,0,0,2,0,차대차 - 측면충돌,교차로운행방법위반,포장 - 건조,맑음,교차로 - 교차로안,승용,남,36세,상해없음,승용,남,46세,상해없음,35.20409,129.104467
196,2017072400100477.0,2017년 7월 24일 19시,월요일,부산광역시 동래구 사직동,경상사고,0,0,1,0,차대차 - 측면충돌,안전운전불이행,포장 - 건조,맑음,단일로 - 기타,승용,남,49세,상해없음,승용,남,35세,경상,35.201949,129.070153
197,2017080700100028.0,2017년 8월 7일 00시,월요일,부산광역시 동래구 온천동,경상사고,0,0,1,0,차량단독 - 전도전복 - 전도,안전운전불이행,포장 - 건조,맑음,단일로 - 기타,이륜,남,48세,경상,,,,,35.212872999999995,129.051524
198,2017081200100069.0,2017년 8월 12일 02시,토요일,부산광역시 동래구 사직동,경상사고,0,0,2,0,차대차 - 기타,안전거리미확보,포장 - 건조,맑음,단일로 - 기타,승용,남,41세,상해없음,승용,남,55세,경상,35.192324,129.059402
199,2017081700100596.0,2017년 8월 17일 23시,목요일,부산광역시 동래구 온천동,경상사고,0,0,1,0,차대차 - 측면충돌,안전거리미확보,포장 - 건조,맑음,단일로 - 기타,승합,남,28세,상해없음,승용,남,47세,경상,35.211335,129.078632
200,2017082600100162.0,2017년 8월 26일 08시,토요일,부산광역시 동래구 안락동,경상사고,0,0,4,0,차대차 - 추돌,안전운전불이행,포장 - 건조,맑음,단일로 - 기타,승합,남,40세,상해없음,승용,남,37세,경상,35.196618,129.10412
201,2017082600100244.0,2017년 8월 26일 11시,토요일,부산광역시 동래구 안락동,중상사고,0,2,2,0,차대차 - 추돌,안전운전불이행,포장 - 건조,맑음,단일로 - 기타,승용,남,29세,상해없음,승용,남,40세,중상,35.197527,129.095701
202,2017091600100516.0,2017년 9월 16일 19시,토요일,부산광역시 동래구 사직동,경상사고,0,0,8,0,차대차 - 추돌,안전운전불이행,포장 - 건조,흐림,단일로 - 기타,승용,남,37세,상해없음,승용,남,46세,경상,35.195457,129.059483
203,2017092600100703.0,2017년 9월 26일 23시,화요일,부산광역시 동래구 사직동,경상사고,0,0,1,0,차대차 - 측면충돌,안전운전불이행,포장 - 건조,흐림,교차로 - 교차로안,이륜,남,58세,상해없음,이륜,남,17세,경상,35.197846999999996,129.058818