,사고번호,발생일시,발생요일,발생시군구,사고내용,사망자수,중상자수,경상자수,부상신고자수,사고유형,법규위반,노면상태,기상상태,도로형태,가해운전자 차종,가해운전자 성별,가해운전자 연령,가해운전자 상해정도,피해운전자 차종,피해운전자 성별,피해운전자 연령,피해운전자 상해정도,위도,경도
406,2020000000000000.0,2017년 12월 31일 00시,일요일,부산광역시 해운대구 반여동,부상신고사고,0,0,0,1,차대차 - 기타,안전운전불이행,포장 - 건조,맑음,주차장 - 주차장,승용,남,49세,상해없음,승용,남,34세,부상신고,35.193987,129.132127
407,2020000000000000.0,2017년 1월 9일 07시,월요일,부산광역시 중구 부평동1가,경상사고,0,0,2,0,차대사람 - 횡단중,안전운전불이행,포장 - 건조,맑음,기타 - 기타,원동기,남,18세,상해없음,보행자,여,27세,경상,35.099515999999994,129.025621
408,2020000000000000.0,2017년 1월 30일 03시,월요일,부산광역시 중구 남포동6가,경상사고,0,0,2,0,차대차 - 추돌,안전거리미확보,포장 - 건조,흐림,단일로 - 기타,승용,남,46세,상해없음,승용,남,54세,경상,35.097522,129.027021
409,2020000000000000.0,2017년 3월 15일 22시,수요일,부산광역시 중구 창선동1가,경상사고,0,0,2,0,차대사람 - 기타,안전운전불이행,포장 - 건조,맑음,단일로 - 기타,승용,남,57세,상해없음,보행자,여,19세,경상,35.099267,129.03082
410,2020000000000000.0,2017년 3월 31일 20시,금요일,부산광역시 중구 대청동3가,경상사고,0,0,1,0,차대차 - 측면충돌,안전운전불이행,포장 - 건조,맑음,단일로 - 기타,이륜,남,55세,경상,화물,남,62세,상해없음,35.102637,129.028192
411,2020000000000000.0,2017년 5월 12일 01시,금요일,부산광역시 중구 부평동4가,중상사고,0,1,1,1,차대차 - 정면충돌,신호위반,포장 - 건조,맑음,교차로 - 교차로안,승용,남,25세,상해없음,승용,남,58세,경상,35.103253,129.021231
412,2020000000000000.0,2017년 5월 25일 01시,목요일,부산광역시 중구 대청동1가,사망사고,1,1,1,0,차대사람 - 기타,안전운전불이행,포장 - 건조,흐림,단일로 - 기타,승용,남,22세,상해없음,보행자,남,30세,사망,35.102901,129.03135600000002
413,2020000000000000.0,2017년 6월 10일 22시,토요일,부산광역시 중구 남포동6가,중상사고,0,1,0,0,차대사람 - 기타,안전운전불이행,포장 - 건조,맑음,단일로 - 기타,승용,남,38세,상해없음,보행자,남,43세,중상,35.097390000000004,129.02651200000003
414,2020000000000000.0,2017년 7월 29일 01시,토요일,부산광역시 중구 부평동3가,경상사고,0,0,1,0,차대차 - 기타,신호위반,포장 - 건조,맑음,교차로 - 교차로안,승용,남,36세,상해없음,승용,남,60세,경상,35.099546999999994,129.024675
415,2020000000000000.0,2017년 8월 7일 22시,월요일,부산광역시 중구 남포동1가,경상사고,0,0,2,0,차대차 - 추돌,안전운전불이행,포장 - 건조,맑음,단일로 - 기타,승용,남,43세,상해없음,승용,남,28세,경상,35.097984000000004,129.03491699999998
416,2020000000000000.0,2017년 8월 15일 05시,화요일,부산광역시 중구 보수동3가,경상사고,0,0,1,0,차대차 - 측면충돌,교차로운행방법위반,포장 - 젖음/습기,흐림,교차로 - 교차로안,승용,남,45세,상해없음,이륜,남,25세,경상,35.104396,129.024001
417,2020000000000000.0,2017년 11월 29일 12시,수요일,부산광역시 중구 신창동4가,경상사고,0,0,1,0,차대사람 - 횡단중,안전운전불이행,포장 - 건조,맑음,단일로 - 기타,승용,남,72세,상해없음,보행자,여,51세,경상,35.101742,129.027895
418,2020000000000000.0,2017년 11월 29일 19시,수요일,부산광역시 중구 보수동1가,중상사고,0,1,0,0,차대사람 - 기타,안전운전불이행,포장 - 건조,맑음,단일로 - 기타,화물,남,53세,기타불명,보행자,여,55세,중상,35.104595,129.025904
419,2020000000000000.0,2017년 12월 16일 00시,토요일,부산광역시 중구 대청동2가,경상사고,0,0,2,0,차대차 - 측면충돌,안전운전불이행,포장 - 건조,맑음,교차로 - 교차로부근,승용,남,28세,상해없음,승용,남,51세,경상,35.103021000000005,129.028059
420,2020000000000000.0,2017년 12월 20일 17시,수요일,부산광역시 중구 중앙동5가,중상사고,0,1,0,0,차대차 - 기타,신호위반,포장 - 건조,맑음,교차로 - 교차로안,화물,남,41세,상해없음,원동기,남,31세,중상,35.103003,129.037599
421,2020000000000000.0,2017년 12월 21일 00시,목요일,부산광역시 중구 남포동2가,중상사고,0,1,0,0,차대차 - 측면충돌,안전운전불이행,포장 - 건조,맑음,교차로 - 교차로안,승용,남,29세,상해없음,이륜,남,26세,중상,35.098977000000005,129.030642
422,2020000000000000.0,2017년 12월 29일 00시,금요일,부산광역시 중구 부평동1가,경상사고,0,0,1,0,차대사람 - 기타,안전운전불이행,포장 - 건조,맑음,단일로 - 기타,승용,남,43세,상해없음,보행자,남,41세,경상,35.099574,129.02637099999998
423,2017010000000000.0,2017년 1월 1일 03시,일요일,부산광역시 남구 용호동,경상사고,0,0,1,0,차대차 - 추돌,안전운전불이행,포장 - 건조,맑음,단일로 - 기타,승용,남,38세,상해없음,원동기,남,21세,경상,35.115598,129.108924
424,2017010000000000.0,2017년 1월 8일 07시,일요일,부산광역시 남구 문현동,중상사고,0,1,0,0,차대차 - 추돌,안전운전불이행,포장 - 젖음/습기,흐림,단일로 - 기타,승용,남,24세,상해없음,승용,남,60세,중상,35.139097,129.067367
425,2017010000000000.0,2017년 1월 24일 21시,화요일,부산광역시 남구 문현동,부상신고사고,0,0,0,1,차대차 - 측면충돌,신호위반,포장 - 건조,맑음,교차로 - 교차로안,승용,남,29세,상해없음,승용,남,58세,부상신고,35.142804999999996,129.066679
426,2017020000000000.0,2017년 2월 10일 17시,금요일,부산광역시 남구 용호동,경상사고,0,0,1,0,차대차 - 측면충돌,신호위반,포장 - 건조,맑음,교차로 - 교차로안,화물,남,66세,상해없음,승용,남,36세,경상,35.128012,129.114525
427,2017020000000000.0,2017년 2월 24일 18시,금요일,부산광역시 남구 문현동,경상사고,0,0,1,0,차대차 - 측면충돌,안전운전불이행,포장 - 건조,맑음,단일로 - 기타,승용,남,64세,상해없음,승용,여,46세,경상,35.149392999999996,129.073588
428,2017030000000000.0,2017년 3월 3일 01시,금요일,부산광역시 남구 용호동,경상사고,0,0,1,0,차대차 - 추돌,안전운전불이행,포장 - 건조,맑음,단일로 - 기타,승용,남,28세,상해없음,승용,여,55세,경상,35.13205,129.107949
429,2017030000000000.0,2017년 3월 10일 05시,금요일,부산광역시 남구 대연동,경상사고,0,0,1,0,차대차 - 추돌,안전운전불이행,포장 - 건조,맑음,교차로 - 교차로부근,승용,남,42세,상해없음,승용,남,62세,경상,35.129639000000005,129.105521
430,2017030000000000.0,2017년 3월 18일 02시,토요일,부산광역시 남구 대연동,경상사고,0,0,1,0,차대차 - 측면충돌,신호위반,포장 - 건조,맑음,교차로 - 교차로안,원동기,남,21세,상해없음,승용,남,48세,상해없음,35.130155,129.09215
431,2017030000000000.0,2017년 3월 19일 06시,일요일,부산광역시 남구 문현동,중상사고,0,1,0,0,차량단독 - 공작물충돌,안전운전불이행,포장 - 건조,맑음,단일로 - 기타,원동기,남,21세,중상,,,,,35.140015999999996,129.080423
432,2017030000000000.0,2017년 3월 28일 00시,화요일,부산광역시 남구 문현동,중상사고,0,1,2,0,차대차 - 측면충돌,안전운전불이행,포장 - 건조,맑음,단일로 - 기타,승용,남,28세,상해없음,승용,남,58세,경상,35.136008000000004,129.073492
433,2017030000000000.0,2017년 3월 29일 01시,수요일,부산광역시 남구 용호동,중상사고,0,1,0,0,차대차 - 추돌,안전운전불이행,포장 - 젖음/습기,비,교차로 - 교차로부근,승용,남,23세,상해없음,승용,남,36세,중상,35.127246,129.108489
434,2017030000000000.0,2017년 3월 31일 23시,금요일,부산광역시 남구 문현동,경상사고,0,0,1,0,차대차 - 추돌,안전운전불이행,포장 - 건조,맑음,단일로 - 기타,승용,남,32세,상해없음,승용,남,64세,경상,35.134422,129.076739
435,2017040000000000.0,2017년 4월 3일 22시,월요일,부산광역시 남구 용호동,중상사고,0,1,0,0,차대사람 - 횡단중,안전운전불이행,포장 - 건조,맑음,교차로 - 교차로안,이륜,남,27세,상해없음,보행자,여,62세,중상,35.119805,129.111309
436,2017040000000000.0,2017년 4월 6일 23시,목요일,부산광역시 남구 용당동,중상사고,0,1,2,0,차대차 - 추돌,안전운전불이행,포장 - 건조,맑음,교차로 - 교차로부근,승용,남,28세,상해없음,승용,남,49세,경상,35.112632,129.095802
437,2017040000000000.0,2017년 4월 7일 00시,금요일,부산광역시 남구 대연동,경상사고,0,0,2,0,차대차 - 추돌,안전운전불이행,포장 - 건조,맑음,교차로 - 교차로안,승용,여,36세,상해없음,승용,남,70세,경상,35.145656,129.097327
438,2017040000000000.0,2017년 4월 11일 22시,화요일,부산광역시 남구 문현동,경상사고,0,0,1,0,차대차 - 기타,안전운전불이행,포장 - 건조,기타,기타 - 기타,이륜,남,24세,상해없음,승용,남,49세,경상,35.146057,129.063547
439,2017040000000000.0,2017년 4월 21일 21시,금요일,부산광역시 남구 대연동,경상사고,0,0,1,0,차대차 - 추돌,안전운전불이행,포장 - 건조,맑음,교차로 - 교차로부근,승용,남,55세,상해없음,승용,남,61세,경상,35.133331,129.1011
440,2017040000000000.0,2017년 4월 27일 10시,목요일,부산광역시 남구 대연동,경상사고,0,0,1,0,차대차 - 추돌,안전거리미확보,포장 - 건조,맑음,기타 - 기타,승용,남,22세,상해없음,승용,남,53세,경상,35.135039,129.091892
441,2017050000000000.0,2017년 5월 5일 06시,금요일,부산광역시 남구 대연동,중상사고,0,1,0,0,차량단독 - 기타,안전운전불이행,포장 - 젖음/습기,비,단일로 - 기타,이륜,남,24세,중상,,,,,35.148410999999996,129.094087
442,2017050000000000.0,2017년 5월 6일 20시,토요일,부산광역시 남구 감만동,부상신고사고,0,0,0,1,차대차 - 추돌,안전운전불이행,포장 - 건조,맑음,단일로 - 기타,승용,남,37세,상해없음,승용,남,48세,상해없음,35.110488000000004,129.08543
443,2017050000000000.0,2017년 5월 9일 21시,화요일,부산광역시 남구 문현동,경상사고,0,0,2,0,차대차 - 측면충돌,신호위반,포장 - 건조,맑음,교차로 - 교차로안,승용,남,25세,상해없음,승용,남,47세,경상,35.141496999999994,129.066977
444,2017050000000000.0,2017년 5월 12일 16시,금요일,부산광역시 남구 우암동,경상사고,0,0,1,0,차대차 - 기타,안전운전불이행,포장 - 젖음/습기,비,단일로 - 기타,승합,남,67세,상해없음,승용,여,53세,경상,35.126853999999994,129.06768799999998
445,2017050000000000.0,2017년 5월 18일 23시,목요일,부산광역시 남구 대연동,경상사고,0,0,5,0,차대차 - 추돌,안전거리미확보,포장 - 건조,맑음,단일로 - 기타,승용,남,45세,상해없음,승용,남,66세,경상,35.139246,129.104173
446,2017050000000000.0,2017년 5월 29일 02시,월요일,부산광역시 남구 문현동,중상사고,0,1,0,0,차량단독 - 공작물충돌,안전운전불이행,포장 - 건조,맑음,단일로 - 기타,승용,남,32세,중상,,,,,35.14497,129.06358400000002
447,2017070000000000.0,2017년 7월 1일 07시,토요일,부산광역시 남구 대연동,경상사고,0,0,1,0,차대차 - 추돌,안전운전불이행,포장 - 건조,맑음,단일로 - 기타,승용,남,24세,상해없음,승합,남,28세,경상,35.139019,129.103454
448,2017070000000000.0,2017년 7월 19일 00시,수요일,부산광역시 남구 대연동,중상사고,0,1,1,0,차대차 - 기타,안전운전불이행,포장 - 건조,맑음,단일로 - 기타,승용,남,30세,상해없음,승용,남,31세,경상,35.111540000000005,129.110977
449,2017070000000000.0,2017년 7월 22일 18시,토요일,부산광역시 남구 대연동,경상사고,0,0,2,0,차대차 - 추돌,안전거리미확보,포장 - 건조,맑음,단일로 - 기타,승용,남,66세,상해없음,화물,남,64세,경상,35.135104999999996,129.092925
450,2017070000000000.0,2017년 7월 31일 22시,월요일,부산광역시 남구 대연동,부상신고사고,0,0,0,1,차대차 - 기타,안전운전불이행,포장 - 젖음/습기,맑음,교차로 - 교차로부근,이륜,남,32세,부상신고,화물,남,48세,상해없음,35.125194,129.100296
451,2017080000000000.0,2017년 8월 13일 22시,일요일,부산광역시 남구 용호동,부상신고사고,0,0,0,1,차량단독 - 전도전복 - 전도,안전운전불이행,포장 - 건조,맑음,단일로 - 기타,원동기,남,44세,부상신고,,,,,35.123109,129.112399
452,2017080000000000.0,2017년 8월 15일 10시,화요일,부산광역시 남구 용호동,경상사고,0,0,2,0,차대차 - 추돌,안전운전불이행,포장 - 건조,맑음,단일로 - 기타,승용,남,41세,상해없음,승용,남,55세,경상,35.135153,129.11193
453,2017080000000000.0,2017년 8월 16일 08시,수요일,부산광역시 남구 문현동,경상사고,0,0,3,0,차대차 - 기타,안전운전불이행,포장 - 건조,맑음,기타 - 기타,승용,남,41세,상해없음,승용,남,67세,경상,35.136727,129.072344
454,2017080000000000.0,2017년 8월 16일 22시,수요일,부산광역시 남구 용호동,경상사고,0,0,2,0,차대차 - 추돌,안전운전불이행,포장 - 건조,맑음,단일로 - 기타,승용,남,45세,상해없음,승용,남,46세,경상,35.119063,129.11191100000002
455,2017080000000000.0,2017년 8월 28일 09시,월요일,부산광역시 남구 대연동,경상사고,0,0,1,0,차대차 - 추돌,안전운전불이행,포장 - 건조,맑음,교차로 - 교차로부근,화물,남,29세,상해없음,승용,남,55세,경상,35.138226,129.107483
456,2017080000000000.0,2017년 8월 28일 21시,월요일,부산광역시 남구 용호동,중상사고,0,1,0,0,차대차 - 측면충돌,신호위반,포장 - 건조,맑음,교차로 - 교차로횡단보도내,승용,남,47세,상해없음,개인형이동수단(PM),여,23세,중상,35.133268,129.11468100000002
457,2017090000000000.0,2017년 9월 1일 22시,금요일,부산광역시 남구 대연동,중상사고,0,1,0,0,차대차 - 기타,차로위반,포장 - 건조,맑음,단일로 - 기타,승용,남,58세,상해없음,승용,남,25세,중상,35.134257,129.080864
458,2017090000000000.0,2017년 9월 6일 00시,수요일,부산광역시 남구 대연동,중상사고,0,1,0,0,차대차 - 추돌,신호위반,포장 - 건조,맑음,단일로 - 기타,승용,여,46세,상해없음,자전거,여,21세,중상,35.138863,129.103331
459,2017090000000000.0,2017년 9월 9일 12시,토요일,부산광역시 남구 대연동,중상사고,0,1,0,0,차대차 - 추돌,안전운전불이행,포장 - 건조,맑음,단일로 - 기타,승용,남,25세,상해없음,승용,남,42세,상해없음,35.135111,129.083604
460,2017090000000000.0,2017년 9월 12일 21시,화요일,부산광역시 남구 용당동,경상사고,0,0,1,0,차대차 - 추돌,안전운전불이행,포장 - 건조,맑음,단일로 - 기타,승용,여,37세,상해없음,이륜,남,40세,경상,35.12355,129.09700800000002
461,2017090000000000.0,2017년 9월 27일 08시,수요일,부산광역시 남구 용당동,경상사고,0,0,2,0,차대차 - 추돌,안전운전불이행,포장 - 젖음/습기,비,단일로 - 지하차도(도로)내,화물,남,45세,상해없음,승용,여,46세,경상,35.109074,129.087512
462,2017100000000000.0,2017년 10월 7일 17시,토요일,부산광역시 남구 대연동,경상사고,0,0,4,0,차대차 - 추돌,안전운전불이행,포장 - 건조,맑음,단일로 - 기타,승용,여,48세,상해없음,승용,남,37세,경상,35.143187,129.10908899999998
463,2017100000000000.0,2017년 10월 11일 19시,수요일,부산광역시 남구 대연동,중상사고,0,1,0,0,차대차 - 기타,차로위반,포장 - 건조,맑음,단일로 - 기타,승용,남,67세,상해없음,승용,여,42세,중상,35.126014,129.089565
464,2017100000000000.0,2017년 10월 16일 01시,월요일,부산광역시 남구 대연동,경상사고,0,0,1,0,차량단독 - 기타,안전운전불이행,포장 - 건조,맑음,단일로 - 기타,이륜,남,24세,상해없음,,,,,35.135428999999995,129.083786
465,2017100000000000.0,2017년 10월 18일 20시,수요일,부산광역시 남구 대연동,경상사고,0,0,1,0,차대차 - 기타,교차로운행방법위반,포장 - 건조,맑음,교차로 - 교차로안,승용,남,57세,상해없음,승용,남,29세,경상,35.129809,129.10574499999998
466,2017100000000000.0,2017년 10월 28일 18시,토요일,부산광역시 남구 감만동,경상사고,0,0,3,0,차대차 - 추돌,안전운전불이행,포장 - 건조,흐림,단일로 - 기타,화물,남,59세,상해없음,승용,남,25세,경상,35.116153999999995,129.075086
467,2017100000000000.0,2017년 10월 31일 23시,화요일,부산광역시 남구 대연동,중상사고,0,1,0,0,차대차 - 기타,중앙선침범,포장 - 건조,맑음,단일로 - 기타,승용,남,46세,상해없음,승용,남,24세,중상,35.139528999999996,129.104817
468,2017110000000000.0,2017년 11월 1일 06시,수요일,부산광역시 남구 대연동,경상사고,0,0,1,0,차대차 - 추돌,안전거리미확보,포장 - 건조,맑음,단일로 - 기타,승용,남,24세,상해없음,승용,여,52세,경상,35.138090999999996,129.08901
469,2017110000000000.0,2017년 11월 10일 08시,금요일,부산광역시 남구 대연동,경상사고,0,0,1,0,차대차 - 추돌,안전운전불이행,포장 - 건조,맑음,단일로 - 기타,승용,여,32세,기타불명,승용,여,50세,경상,35.130777,129.09211399999998
470,2017110000000000.0,2017년 11월 17일 23시,금요일,부산광역시 남구 감만동,중상사고,0,1,0,0,차대차 - 기타,안전운전불이행,포장 - 건조,맑음,기타 - 기타,승용,남,36세,상해없음,승용,남,37세,중상,35.120207,129.08631
471,2017110000000000.0,2017년 11월 18일 21시,토요일,부산광역시 남구 감만동,경상사고,0,0,1,0,차대차 - 기타,교차로운행방법위반,포장 - 건조,맑음,교차로 - 교차로안,승용,남,38세,상해없음,승용,남,68세,경상,35.121689,129.081018
472,2017110000000000.0,2017년 11월 22일 00시,수요일,부산광역시 남구 대연동,중상사고,0,1,0,0,차대차 - 추돌,안전운전불이행,포장 - 건조,맑음,단일로 - 기타,승용,남,23세,상해없음,승용,남,51세,중상,35.135851,129.096914
473,2017110000000000.0,2017년 11월 25일 22시,토요일,부산광역시 남구 용호동,중상사고,0,1,0,0,차대차 - 측면충돌,중앙선침범,포장 - 건조,맑음,단일로 - 기타,승용,남,46세,상해없음,승용,남,54세,중상,35.135365,129.111656
474,2017120000000000.0,2017년 12월 15일 01시,금요일,부산광역시 남구 용호동,경상사고,0,0,1,0,차대차 - 추돌,안전운전불이행,포장 - 건조,맑음,단일로 - 기타,승용,여,48세,상해없음,승용,남,28세,경상,35.127829,129.11084499999998
475,2017120000000000.0,2017년 12월 21일 08시,목요일,부산광역시 남구 대연동,경상사고,0,0,1,0,차대차 - 추돌,안전운전불이행,포장 - 건조,맑음,단일로 - 기타,승용,남,23세,상해없음,승용,남,54세,경상,35.146871999999995,129.09577
476,2017120000000000.0,2017년 12월 23일 04시,토요일,부산광역시 남구 대연동,중상사고,0,1,0,0,차량단독 - 기타,안전운전불이행,포장 - 건조,맑음,단일로 - 터널,이륜,남,22세,중상,,,,,35.149832,129.088351
477,2017120000000000.0,2017년 12월 29일 23시,금요일,부산광역시 남구 용호동,중상사고,0,2,0,0,차대차 - 추돌,안전운전불이행,포장 - 건조,맑음,교차로 - 교차로안,승용,남,38세,상해없음,승용,남,47세,상해없음,35.129868,129.116371
478,2017120000000000.0,2017년 12월 31일 06시,일요일,부산광역시 남구 용호동,경상사고,0,0,1,0,차대차 - 측면충돌,신호위반,포장 - 건조,맑음,교차로 - 교차로안,승용,남,32세,상해없음,승용,남,57세,경상,35.118010999999996,129.111563
479,2017011300100483.0,2017년 1월 13일 19시,금요일,부산광역시 사하구 감천동,경상사고,0,0,3,0,차대차 - 기타,안전운전불이행,포장 - 건조,맑음,단일로 - 기타,승용,남,47세,상해없음,승용,남,50세,경상,35.084015,129.009148
480,2017011900100554.0,2017년 1월 19일 23시,목요일,부산광역시 사하구 괴정동,경상사고,0,0,2,0,차대차 - 추돌,안전운전불이행,포장 - 건조,기타,단일로 - 기타,승용,남,28세,상해없음,승용,남,34세,경상,35.097519,128.984345
481,2017012200100110.0,2017년 1월 22일 08시,일요일,부산광역시 사하구 장림동,경상사고,0,0,3,0,차대차 - 기타,안전운전불이행,포장 - 건조,맑음,단일로 - 기타,승용,남,29세,상해없음,승용,남,35세,경상,35.085253,128.971629
482,2017012200100295.0,2017년 1월 22일 17시,일요일,부산광역시 사하구 신평동,경상사고,0,0,1,0,차량단독 - 기타,안전운전불이행,포장 - 건조,맑음,교차로 - 교차로부근,이륜,남,56세,경상,,,,,35.085491,128.97743300000002
483,2017021200100330.0,2017년 2월 12일 19시,일요일,부산광역시 사하구 하단동,경상사고,0,0,1,0,차대사람 - 횡단중,신호위반,포장 - 건조,맑음,단일로 - 기타,승용,남,47세,상해없음,보행자,남,47세,경상,35.104966,128.965473
484,2017021700100024.0,2017년 2월 17일 00시,금요일,부산광역시 사하구 신평동,경상사고,0,0,1,0,차대차 - 정면충돌,안전운전불이행,포장 - 젖음/습기,비,단일로 - 기타,승용,남,47세,상해없음,승용,여,49세,경상,35.085631,128.958597
485,2017021700100609.0,2017년 2월 17일 23시,금요일,부산광역시 사하구 장림동,경상사고,0,0,2,0,차대차 - 정면충돌,안전운전불이행,포장 - 건조,맑음,단일로 - 기타,승용,남,32세,상해없음,승용,남,31세,경상,35.075521,128.97683999999998
486,2017030400100070.0,2017년 3월 4일 03시,토요일,부산광역시 사하구 하단동,경상사고,0,0,3,0,차대차 - 기타,안전운전불이행,포장 - 건조,맑음,단일로 - 기타,승용,남,31세,상해없음,승용,남,37세,경상,35.099538,128.960757
487,2017031000100609.0,2017년 3월 10일 23시,금요일,부산광역시 사하구 신평동,경상사고,0,0,2,0,차대차 - 추돌,안전운전불이행,포장 - 건조,맑음,기타 - 기타,승용,남,47세,상해없음,승용,여,51세,경상,35.085414,128.967751
488,2017031500100609.0,2017년 3월 15일 23시,수요일,부산광역시 사하구 구평동,부상신고사고,0,0,0,1,차량단독 - 공작물충돌,안전운전불이행,포장 - 건조,맑음,단일로 - 기타,승용,남,44세,부상신고,,,,,35.088204,128.99416399999998
489,2017032300100052.0,2017년 3월 23일 02시,목요일,부산광역시 사하구 다대동,경상사고,0,0,1,0,차대차 - 기타,불법유턴,포장 - 건조,맑음,교차로 - 교차로안,승용,남,47세,상해없음,승용,남,55세,경상,35.05624,128.971455
490,2017032300100515.0,2017년 3월 23일 21시,목요일,부산광역시 사하구 신평동,경상사고,0,0,1,0,차대사람 - 횡단중,안전운전불이행,포장 - 건조,맑음,단일로 - 기타,이륜,남,25세,상해없음,보행자,남,47세,경상,35.089909999999996,128.97780500000002
491,2017032400100080.0,2017년 3월 24일 04시,금요일,부산광역시 사하구 하단동,중상사고,0,1,0,0,차대차 - 추돌,안전거리미확보,포장 - 건조,맑음,교차로 - 교차로부근,승용,여,45세,상해없음,승용,남,44세,중상,35.114955,128.95896499999998
492,2017032800100486.0,2017년 3월 28일 21시,화요일,부산광역시 사하구 신평동,경상사고,0,0,3,0,차대차 - 추돌,안전운전불이행,포장 - 건조,맑음,단일로 - 기타,승용,남,37세,상해없음,승용,남,27세,경상,35.096441,128.955723
493,2017040400100019.0,2017년 4월 4일 01시,화요일,부산광역시 사하구 하단동,중상사고,0,1,0,0,차대차 - 정면충돌,안전운전불이행,포장 - 건조,맑음,단일로 - 기타,승용,남,33세,상해없음,승용,남,50세,중상,35.10711,128.96786200000003
494,2017040700100563.0,2017년 4월 7일 21시,금요일,부산광역시 사하구 하단동,경상사고,0,0,1,0,차대차 - 기타,안전운전불이행,포장 - 건조,맑음,교차로 - 교차로부근,승용,남,35세,상해없음,승용,남,41세,상해없음,35.114933,128.96111000000002
495,2017041500100063.0,2017년 4월 15일 03시,토요일,부산광역시 사하구 하단동,중상사고,0,1,0,0,차대차 - 정면충돌,안전운전불이행,포장 - 건조,맑음,단일로 - 기타,승용,남,30세,상해없음,승용,남,33세,중상,35.108278000000006,128.966259
496,2017041500100631.0,2017년 4월 15일 23시,토요일,부산광역시 사하구 감천동,중상사고,0,1,4,0,차대차 - 추돌,안전운전불이행,포장 - 건조,맑음,기타 - 기타,승용,남,31세,상해없음,승용,여,30세,경상,35.090436,128.998501
497,2017042300100438.0,2017년 4월 23일 19시,일요일,부산광역시 사하구 다대동,경상사고,0,0,1,0,차대차 - 정면충돌,안전운전불이행,포장 - 건조,맑음,단일로 - 기타,화물,남,44세,상해없음,화물,남,53세,경상,35.063707,128.982156
498,2017042700100032.0,2017년 4월 27일 01시,목요일,부산광역시 사하구 신평동,경상사고,0,0,2,0,차대차 - 정면충돌,안전운전불이행,포장 - 젖음/습기,맑음,교차로 - 교차로부근,승용,남,40세,상해없음,승용,남,51세,경상,35.085161,128.975966
499,2017042900100085.0,2017년 4월 29일 04시,토요일,부산광역시 사하구 구평동,경상사고,0,0,1,0,차량단독 - 공작물충돌,안전운전불이행,포장 - 건조,맑음,단일로 - 기타,원동기,남,25세,상해없음,,,,,35.054697999999995,128.99747299999999
500,2017042900100656.0,2017년 4월 29일 22시,토요일,부산광역시 사하구 구평동,경상사고,0,0,1,0,차대차 - 추돌,안전운전불이행,포장 - 건조,맑음,교차로 - 교차로부근,승용,남,56세,상해없음,승용,여,43세,경상,35.084933,128.983303
501,2017050300100070.0,2017년 5월 3일 04시,수요일,부산광역시 사하구 장림동,중상사고,0,2,0,0,차대차 - 기타,안전운전불이행,포장 - 건조,맑음,단일로 - 기타,승용,남,30세,상해없음,승용,여,51세,중상,35.072714000000005,128.95288
502,2017050600100042.0,2017년 5월 6일 03시,토요일,부산광역시 사하구 하단동,경상사고,0,0,2,0,차대차 - 추돌,안전운전불이행,포장 - 젖음/습기,흐림,기타 - 기타,승용,남,38세,상해없음,승용,여,29세,경상,35.107828999999995,128.959269
503,2017051400100271.0,2017년 5월 14일 15시,일요일,부산광역시 사하구 하단동,중상사고,0,1,2,0,차대차 - 측면충돌,안전운전불이행,포장 - 건조,맑음,단일로 - 기타,승용,남,43세,상해없음,승용,남,27세,중상,35.105734999999996,128.968195
504,2017051700100078.0,2017년 5월 17일 07시,수요일,부산광역시 사하구 하단동,경상사고,0,0,1,0,차대차 - 추돌,안전운전불이행,포장 - 건조,맑음,단일로 - 기타,승용,남,51세,상해없음,승용,남,49세,경상,35.102506,128.95824299999998
505,2017051800100036.0,2017년 5월 18일 01시,목요일,부산광역시 사하구 장림동,경상사고,0,0,1,0,차대차 - 추돌,안전운전불이행,포장 - 건조,맑음,교차로 - 교차로부근,승합,여,52세,상해없음,승용,남,23세,경상,35.073569,128.976452
506,2017052300100538.0,2017년 5월 23일 20시,화요일,부산광역시 사하구 다대동,경상사고,0,0,1,0,차대차 - 정면충돌,중앙선침범,포장 - 건조,맑음,교차로 - 교차로부근,이륜,남,51세,상해없음,승용,남,22세,경상,35.062094,128.976423