,사고번호,발생일시,발생요일,발생시군구,사고내용,사망자수,중상자수,경상자수,부상신고자수,사고유형,법규위반,노면상태,기상상태,도로형태,가해운전자 차종,가해운전자 성별,가해운전자 연령,가해운전자 상해정도,피해운전자 차종,피해운전자 성별,피해운전자 연령,피해운전자 상해정도,위도,경도
507,2017052400100087.0,2017년 5월 24일 05시,수요일,부산광역시 사하구 다대동,경상사고,0,0,2,0,차대차 - 정면충돌,안전운전불이행,포장 - 건조,맑음,단일로 - 기타,승용,남,27세,상해없음,화물,남,49세,경상,35.049155,128.96266200000002
508,2017052900100550.0,2017년 5월 29일 21시,월요일,부산광역시 사하구 하단동,경상사고,0,0,1,0,차대차 - 정면충돌,안전운전불이행,포장 - 건조,맑음,단일로 - 기타,승용,남,58세,상해없음,원동기,남,55세,경상,35.099938,128.957851
509,2017060500100080.0,2017년 6월 5일 07시,월요일,부산광역시 사하구 장림동,경상사고,0,0,1,0,차대차 - 추돌,안전운전불이행,포장 - 건조,맑음,기타 - 기타,승용,남,48세,상해없음,승용,남,62세,상해없음,35.080694,128.96821699999998
510,2017061000100053.0,2017년 6월 10일 02시,토요일,부산광역시 사하구 다대동,경상사고,0,0,1,0,차량단독 - 전도전복 - 전도,안전거리미확보,포장 - 건조,맑음,교차로 - 교차로안,원동기,남,19세,경상,,,,,35.061941999999995,128.977023
511,2017061200100559.0,2017년 6월 12일 22시,월요일,부산광역시 사하구 장림동,부상신고사고,0,0,0,1,차대차 - 측면충돌,신호위반,포장 - 건조,맑음,교차로 - 교차로안,이륜,남,41세,부상신고,승용,남,50세,상해없음,35.082256,128.97740100000001
512,2017061600100522.0,2017년 6월 16일 20시,금요일,부산광역시 사하구 신평동,경상사고,0,0,3,0,차대차 - 측면충돌,안전운전불이행,포장 - 건조,맑음,교차로 - 교차로안,승용,여,57세,경상,승용,남,30세,경상,35.094117,128.962639
513,2017061800100433.0,2017년 6월 18일 21시,일요일,부산광역시 사하구 신평동,중상사고,0,1,0,0,차대사람 - 기타,안전운전불이행,포장 - 건조,맑음,기타 - 기타,승용,남,58세,상해없음,보행자,남,30세,중상,35.092024,128.960325
514,2017062800100088.0,2017년 6월 28일 06시,수요일,부산광역시 사하구 당리동,경상사고,0,0,3,0,차대차 - 추돌,안전거리미확보,포장 - 건조,맑음,단일로 - 기타,승용,남,27세,상해없음,승용,남,47세,경상,35.104431,128.971202
515,2017070800100019.0,2017년 7월 8일 00시,토요일,부산광역시 사하구 장림동,중상사고,0,1,1,0,차대차 - 추돌,안전운전불이행,포장 - 건조,맑음,교차로 - 교차로부근,승용,남,50세,상해없음,승용,여,28세,경상,35.082267,128.977321
516,2017071100100058.0,2017년 7월 11일 02시,화요일,부산광역시 사하구 다대동,중상사고,0,1,0,0,차량단독 - 전도전복 - 전도,안전운전불이행,포장 - 젖음/습기,비,단일로 - 기타,이륜,남,34세,중상,,,,,35.063393,128.97945
517,2017071300100083.0,2017년 7월 13일 07시,목요일,부산광역시 사하구 다대동,경상사고,0,0,1,0,차대차 - 측면충돌,중앙선침범,포장 - 건조,맑음,단일로 - 기타,승용,남,31세,상해없음,승용,남,34세,경상,35.06795,128.98070800000002
518,2017071400100613.0,2017년 7월 14일 23시,금요일,부산광역시 사하구 다대동,경상사고,0,0,2,0,차대차 - 정면충돌,안전운전불이행,포장 - 건조,흐림,교차로 - 교차로부근,승용,남,34세,상해없음,승용,남,52세,경상,35.057299,128.969966
519,2017072600100034.0,2017년 7월 26일 01시,수요일,부산광역시 사하구 하단동,경상사고,0,0,4,0,차대차 - 추돌,안전운전불이행,포장 - 건조,맑음,교차로 - 교차로부근,승용,여,41세,상해없음,승용,남,53세,경상,35.115091,128.95903700000002
520,2017072800100628.0,2017년 7월 28일 22시,금요일,부산광역시 사하구 다대동,경상사고,0,0,3,0,차대차 - 추돌,안전운전불이행,포장 - 건조,맑음,단일로 - 기타,승용,남,40세,상해없음,승용,여,42세,경상,35.067143,128.954322
521,2017080100100039.0,2017년 8월 1일 01시,화요일,부산광역시 사하구 당리동,중상사고,0,1,0,0,차대차 - 정면충돌,신호위반,포장 - 건조,맑음,교차로 - 교차로안,이륜,남,24세,상해없음,승용,남,58세,상해없음,35.102313,128.977256
522,2017080300100114.0,2017년 8월 3일 08시,목요일,부산광역시 사하구 다대동,경상사고,0,0,1,0,차대차 - 측면충돌,직진우회전진행방해,포장 - 건조,맑음,교차로 - 교차로안,승용,남,47세,상해없음,승용,남,50세,경상,35.061471000000004,128.983994
523,2017081400100703.0,2017년 8월 14일 23시,월요일,부산광역시 사하구 하단동,중상사고,0,1,0,0,차대사람 - 횡단중,안전운전불이행,포장 - 젖음/습기,비,단일로 - 기타,승용,여,34세,상해없음,보행자,남,49세,중상,35.109204999999996,128.966482
524,2017082000100128.0,2017년 8월 20일 05시,일요일,부산광역시 사하구 당리동,중상사고,0,1,1,1,차대차 - 측면충돌,중앙선침범,포장 - 건조,맑음,교차로 - 교차로안,승용,남,32세,부상신고,승용,남,54세,중상,35.102342,128.977163
525,2017090200100021.0,2017년 9월 2일 00시,토요일,부산광역시 사하구 신평동,경상사고,0,0,2,0,차대차 - 추돌,안전운전불이행,포장 - 건조,맑음,교차로 - 교차로부근,승용,남,28세,상해없음,승용,남,48세,경상,35.096509000000005,128.955696
526,2017090200100060.0,2017년 9월 2일 02시,토요일,부산광역시 사하구 괴정동,경상사고,0,0,1,0,차대사람 - 기타,안전운전불이행,포장 - 건조,맑음,단일로 - 기타,이륜,남,22세,상해없음,보행자,남,46세,경상,35.099284999999995,128.99338
527,2017091200100310.0,2017년 9월 12일 14시,화요일,부산광역시 사하구 다대동,사망사고,1,1,0,0,차대사람 - 기타,안전운전불이행,포장 - 건조,맑음,교차로 - 교차로안,승용,남,55세,중상,보행자,남,68세,사망,35.05005,128.966351
528,2017091500100456.0,2017년 9월 15일 17시,금요일,부산광역시 사하구 장림동,경상사고,0,0,1,0,차대차 - 후진중충돌,안전운전불이행,포장 - 건조,맑음,단일로 - 기타,승용,남,48세,상해없음,승용,여,54세,경상,35.083399,128.97874
529,2017091900100575.0,2017년 9월 19일 22시,화요일,부산광역시 사하구 다대동,중상사고,0,1,0,0,차대차 - 측면충돌,직진우회전진행방해,포장 - 건조,맑음,교차로 - 교차로안,승용,남,28세,상해없음,이륜,남,22세,중상,35.061553,128.98402099999998
530,2017092500100462.0,2017년 9월 25일 17시,월요일,부산광역시 사하구 구평동,경상사고,0,0,1,0,차대사람 - 기타,기타,포장 - 건조,맑음,단일로 - 기타,이륜,남,51세,상해없음,보행자,남,62세,경상,35.085418,128.985775
531,2017100100100413.0,2017년 10월 1일 19시,일요일,부산광역시 사하구 장림동,경상사고,0,0,1,1,차대차 - 추돌,신호위반,포장 - 젖음/습기,비,단일로 - 기타,승용,남,53세,부상신고,승용,남,48세,경상,35.071973,128.97675700000002
532,2017100100100588.0,2017년 10월 1일 23시,일요일,부산광역시 사하구 구평동,부상신고사고,0,0,0,1,차량단독 - 공작물충돌,안전운전불이행,포장 - 젖음/습기,비,단일로 - 기타,승용,남,61세,부상신고,,,,,35.086471,128.99328500000001
533,2017100100100589.0,2017년 10월 1일 23시,일요일,부산광역시 사하구 감천동,중상사고,0,2,2,1,차대차 - 측면충돌,안전운전불이행,포장 - 젖음/습기,비,교차로 - 교차로부근,화물,남,43세,부상신고,특수,남,41세,중상,35.087631,129.005131
534,2017100200100680.0,2017년 10월 2일 23시,월요일,부산광역시 사하구 하단동,경상사고,0,0,3,0,차대차 - 추돌,안전운전불이행,포장 - 건조,맑음,단일로 - 기타,승용,남,48세,상해없음,승용,남,70세,경상,35.115645,128.960723
535,2017101100100527.0,2017년 10월 11일 20시,수요일,부산광역시 사하구 신평동,경상사고,0,0,2,0,차대차 - 추돌,안전운전불이행,포장 - 건조,맑음,기타 - 기타,승용,남,57세,상해없음,승용,여,48세,경상,35.094254,128.975249
536,2017102100100753.0,2017년 10월 21일 23시,토요일,부산광역시 사하구 구평동,경상사고,0,0,1,0,차량단독 - 전도전복 - 전복,안전운전불이행,포장 - 건조,맑음,단일로 - 기타,이륜,남,39세,경상,,,,,35.058915,128.994652
537,2017102700100752.0,2017년 10월 27일 22시,금요일,부산광역시 사하구 신평동,경상사고,0,0,1,0,차대차 - 추돌,안전운전불이행,포장 - 건조,맑음,교차로 - 교차로부근,승용,남,51세,상해없음,승용,여,51세,경상,35.106499,128.95701499999998
538,2017110400100093.0,2017년 11월 4일 05시,토요일,부산광역시 사하구 괴정동,중상사고,0,1,0,0,차대차 - 추돌,안전운전불이행,포장 - 건조,맑음,교차로 - 교차로부근,승용,남,26세,상해없음,승용,남,66세,중상,35.096507,128.993772
539,2017111200100510.0,2017년 11월 12일 21시,일요일,부산광역시 사하구 다대동,경상사고,0,0,1,0,차대사람 - 기타,안전운전불이행,포장 - 건조,맑음,교차로 - 교차로안,승용,남,37세,상해없음,보행자,남,52세,경상,35.062496,128.980692
540,2017112100100064.0,2017년 11월 21일 03시,화요일,부산광역시 사하구 괴정동,중상사고,0,1,0,0,차량단독 - 전도전복,안전운전불이행,포장 - 건조,맑음,단일로 - 기타,원동기,남,51세,중상,미분류,미분류,미분류,미분류,35.099222999999995,128.989426
541,2017112900100051.0,2017년 11월 29일 03시,수요일,부산광역시 사하구 괴정동,경상사고,0,0,2,0,차대차 - 기타,안전운전불이행,포장 - 건조,맑음,교차로 - 교차로부근,승용,남,48세,상해없음,승용,남,52세,경상,35.103287,129.000667
542,2017120300100192.0,2017년 12월 3일 12시,일요일,부산광역시 사하구 감천동,경상사고,0,0,1,0,차대사람 - 기타,안전운전불이행,포장 - 건조,맑음,기타 - 기타,승용,남,56세,상해없음,보행자,남,48세,경상,35.093907,129.009071
543,2017120400100618.0,2017년 12월 4일 23시,월요일,부산광역시 사하구 다대동,부상신고사고,0,0,0,1,차량단독 - 기타,안전운전불이행,포장 - 건조,맑음,단일로 - 기타,이륜,남,63세,부상신고,,,,,35.063451,128.979535
544,2017121200100581.0,2017년 12월 12일 23시,화요일,부산광역시 사하구 다대동,경상사고,0,0,1,0,차대차 - 추돌,신호위반,포장 - 건조,맑음,교차로 - 교차로안,승용,남,19세,상해없음,승용,남,55세,경상,35.063977,128.97958
545,2017123000100356.0,2017년 12월 30일 18시,토요일,부산광역시 사하구 괴정동,부상신고사고,0,0,0,1,차량단독 - 공작물충돌,안전운전불이행,포장 - 건조,맑음,기타 - 기타,이륜,남,69세,부상신고,,,,,35.098849,128.982901
546,2017123100100382.0,2017년 12월 31일 20시,일요일,부산광역시 사하구 신평동,경상사고,0,0,2,0,차대차 - 추돌,안전거리미확보,포장 - 건조,맑음,단일로 - 기타,승용,남,60세,상해없음,승용,여,51세,경상,35.087109999999996,128.977588
547,2020000000000000.0,2017년 1월 1일 09시,일요일,부산광역시 사상구 감전동,중상사고,0,3,2,0,차대차 - 측면충돌,신호위반,포장 - 건조,맑음,교차로 - 교차로안,승용,남,24세,상해없음,승용,남,57세,중상,35.150288,128.985691
548,2020000000000000.0,2017년 1월 5일 21시,목요일,부산광역시 사상구 모라동,경상사고,0,0,3,0,차대차 - 추돌,안전운전불이행,포장 - 젖음/습기,비,단일로 - 기타,화물,남,54세,상해없음,승용,여,46세,경상,35.19107,128.99199
549,2020000000000000.0,2017년 1월 18일 21시,수요일,부산광역시 사상구 엄궁동,부상신고사고,0,0,0,1,차대차 - 기타,안전운전불이행,포장 - 건조,맑음,단일로 - 기타,사륜오토바이(ATV),남,66세,부상신고,승합,남,37세,상해없음,35.128601,128.97196499999998
550,2020000000000000.0,2017년 1월 21일 07시,토요일,부산광역시 사상구 주례동,중상사고,0,1,1,0,차대차 - 정면충돌,중앙선침범,포장 - 건조,맑음,단일로 - 기타,승용,남,52세,상해없음,승용,여,49세,경상,35.155675,128.99518700000002
551,2020000000000000.0,2017년 1월 30일 04시,월요일,부산광역시 사상구 감전동,부상신고사고,0,0,0,1,차대차 - 측면충돌,교차로운행방법위반,포장 - 건조,맑음,단일로 - 기타,승용,남,26세,상해없음,승용,남,70세,부상신고,35.152023,128.98231299999998
552,2020000000000000.0,2017년 2월 13일 21시,월요일,부산광역시 사상구 감전동,경상사고,0,0,1,0,차대차 - 정면충돌,중앙선침범,포장 - 건조,맑음,단일로 - 기타,승용,남,58세,상해없음,승용,남,65세,경상,35.157565000000005,128.99142700000002
553,2020000000000000.0,2017년 2월 26일 22시,일요일,부산광역시 사상구 덕포동,부상신고사고,0,0,0,1,차대차 - 측면충돌,신호위반,포장 - 건조,맑음,교차로 - 교차로안,이륜,남,54세,부상신고,승용,남,61세,상해없음,35.174032000000004,128.984127
554,2020000000000000.0,2017년 3월 10일 19시,금요일,부산광역시 사상구 감전동,부상신고사고,0,0,0,1,차대차 - 측면충돌,안전운전불이행,포장 - 건조,맑음,교차로 - 교차로부근,승용,남,45세,부상신고,승용,남,40세,상해없음,35.15554,128.991252
555,2020000000000000.0,2017년 3월 18일 20시,토요일,부산광역시 사상구 괘법동,중상사고,0,1,1,1,차대사람 - 횡단중,신호위반,포장 - 건조,맑음,단일로 - 기타,이륜,남,32세,부상신고,보행자,여,54세,경상,35.160089,128.986754
556,2020000000000000.0,2017년 3월 19일 03시,일요일,부산광역시 사상구 덕포동,경상사고,0,0,1,0,차대차 - 추돌,안전운전불이행,포장 - 건조,맑음,단일로 - 기타,승용,여,45세,상해없음,승용,남,61세,경상,35.171923,128.98328999999998
557,2020000000000000.0,2017년 3월 25일 01시,토요일,부산광역시 사상구 모라동,중상사고,0,2,0,0,차대차 - 추돌,안전운전불이행,포장 - 건조,맑음,단일로 - 기타,승용,남,27세,상해없음,승용,여,21세,중상,35.192595000000004,128.99264499999998
558,2020000000000000.0,2017년 3월 27일 07시,월요일,부산광역시 사상구 학장동,부상신고사고,0,0,0,1,차대사람 - 기타,안전운전불이행,포장 - 건조,맑음,교차로 - 교차로부근,승용,남,57세,상해없음,보행자,남,44세,부상신고,35.151014,128.98173799999998
559,2020000000000000.0,2017년 4월 1일 01시,토요일,부산광역시 사상구 주례동,경상사고,0,0,1,0,차대사람 - 길가장자리구역통행중,안전운전불이행,포장 - 건조,맑음,교차로 - 교차로부근,승용,남,25세,상해없음,보행자,남,18세,경상,35.150496000000004,129.011824
560,2020000000000000.0,2017년 4월 2일 19시,일요일,부산광역시 사상구 괘법동,경상사고,0,0,1,0,차대차 - 측면충돌,안전운전불이행,포장 - 건조,맑음,단일로 - 기타,승용,남,47세,기타불명,승용,남,33세,경상,35.158557,128.98524
561,2020000000000000.0,2017년 4월 18일 14시,화요일,부산광역시 사상구 엄궁동,경상사고,0,0,1,0,차대차 - 추돌,안전운전불이행,포장 - 건조,맑음,단일로 - 기타,승용,남,54세,상해없음,승용,남,47세,경상,35.131777,128.97198899999998
562,2020000000000000.0,2017년 4월 22일 00시,토요일,부산광역시 사상구 주례동,중상사고,0,1,0,1,차대차 - 측면충돌,중앙선침범,포장 - 건조,맑음,단일로 - 기타,승용,남,28세,상해없음,승용,남,62세,중상,35.1513,128.997908
563,2020000000000000.0,2017년 5월 9일 19시,화요일,부산광역시 사상구 모라동,중상사고,0,1,0,0,차대사람 - 횡단중,보행자보호의무위반,포장 - 젖음/습기,비,교차로 - 교차로부근,승용,남,51세,상해없음,보행자,남,64세,중상,35.188511,128.98826100000002
564,2020000000000000.0,2017년 5월 20일 09시,토요일,부산광역시 사상구 학장동,경상사고,0,0,1,1,차대차 - 측면충돌,신호위반,포장 - 건조,맑음,교차로 - 교차로안,승용,남,37세,상해없음,화물,남,49세,경상,35.140978000000004,128.989028
565,2020000000000000.0,2017년 5월 24일 00시,수요일,부산광역시 사상구 괘법동,중상사고,0,1,0,1,차량단독 - 기타,안전운전불이행,포장 - 건조,맑음,단일로 - 기타,승용,남,25세,부상신고,,,,,35.163862,128.990915
566,2020000000000000.0,2017년 6월 16일 22시,금요일,부산광역시 사상구 학장동,경상사고,0,0,1,0,차대차 - 추돌,안전운전불이행,포장 - 건조,맑음,단일로 - 기타,승용,여,40세,상해없음,승용,남,52세,상해없음,35.139443,128.980228
567,2020000000000000.0,2017년 6월 20일 18시,화요일,부산광역시 사상구 덕포동,경상사고,0,0,1,0,차대차 - 측면충돌,교차로운행방법위반,포장 - 젖음/습기,비,교차로 - 교차로안,화물,남,61세,상해없음,승용,여,61세,경상,35.174118,128.981778
568,2020000000000000.0,2017년 6월 20일 18시,화요일,부산광역시 사상구 감전동,경상사고,0,0,2,0,차대차 - 추돌,안전운전불이행,포장 - 젖음/습기,비,단일로 - 기타,승용,남,41세,상해없음,승용,여,49세,경상,35.155127,128.98077800000002
569,2020000000000000.0,2017년 6월 29일 00시,목요일,부산광역시 사상구 엄궁동,부상신고사고,0,0,0,1,차대차 - 추돌,안전운전불이행,포장 - 건조,맑음,교차로 - 교차로부근,이륜,남,16세,부상신고,화물,기타불명,미분류,기타불명,35.126699,128.977896
570,2020000000000000.0,2017년 7월 8일 23시,토요일,부산광역시 사상구 감전동,경상사고,0,0,2,0,차대차 - 측면충돌,안전운전불이행,포장 - 건조,맑음,교차로 - 교차로부근,승용,남,61세,상해없음,승용,남,56세,경상,35.144870000000004,128.968839
571,2020000000000000.0,2017년 7월 9일 01시,일요일,부산광역시 사상구 엄궁동,중상사고,0,2,0,0,차대차 - 측면충돌,신호위반,포장 - 젖음/습기,맑음,교차로 - 교차로안,승용,남,28세,상해없음,승용,남,46세,중상,35.124392,128.966381
572,2020000000000000.0,2017년 7월 9일 14시,일요일,부산광역시 사상구 엄궁동,경상사고,0,0,2,0,차대차 - 추돌,안전운전불이행,포장 - 건조,맑음,단일로 - 기타,승용,남,58세,상해없음,화물,남,28세,경상,35.133212,128.965005
573,2020000000000000.0,2017년 7월 25일 15시,화요일,부산광역시 사상구 모라동,중상사고,0,1,2,0,차대차 - 추돌,안전운전불이행,포장 - 젖음/습기,비,단일로 - 기타,승용,남,46세,상해없음,승용,남,40세,경상,35.188949,128.988295
574,2020000000000000.0,2017년 7월 29일 12시,토요일,부산광역시 사상구 삼락동,부상신고사고,0,0,0,1,차량단독 - 공작물충돌,안전운전불이행,포장 - 건조,흐림,단일로 - 기타,승용,남,55세,부상신고,,,,,35.182863,128.97624
575,2020000000000000.0,2017년 8월 14일 21시,월요일,부산광역시 사상구 학장동,중상사고,0,1,0,0,차대사람 - 횡단중,신호위반,포장 - 젖음/습기,비,교차로 - 교차로안,승용,남,47세,상해없음,보행자,여,15세,중상,35.141059999999996,128.989021
576,2020000000000000.0,2017년 8월 20일 21시,일요일,부산광역시 사상구 주례동,중상사고,0,1,0,0,차대사람 - 기타,안전운전불이행,포장 - 건조,맑음,단일로 - 기타,승용,남,30세,상해없음,보행자,여,56세,중상,35.148979,129.01283700000002
577,2020000000000000.0,2017년 8월 24일 22시,목요일,부산광역시 사상구 삼락동,경상사고,0,0,5,0,차대차 - 추돌,안전운전불이행,포장 - 건조,맑음,단일로 - 기타,승용,여,38세,상해없음,승용,남,52세,경상,35.174106,128.97665800000001
578,2020000000000000.0,2017년 9월 29일 19시,금요일,부산광역시 사상구 학장동,경상사고,0,0,1,0,차량단독 - 전도전복 - 전도,안전운전불이행,포장 - 건조,맑음,단일로 - 기타,이륜,남,30세,경상,,,,,35.14846,128.994104
579,2020000000000000.0,2017년 10월 9일 01시,월요일,부산광역시 사상구 학장동,중상사고,0,1,0,0,차대차 - 추돌,안전거리미확보,포장 - 건조,맑음,단일로 - 기타,승용,남,41세,상해없음,승용,여,43세,중상,35.135443,128.996606
580,2020000000000000.0,2017년 10월 10일 07시,화요일,부산광역시 사상구 삼락동,중상사고,0,1,0,0,차대차 - 측면충돌,안전운전불이행,포장 - 건조,맑음,교차로 - 교차로안,승용,남,32세,상해없음,자전거,여,53세,중상,35.163945,128.974459
581,2020000000000000.0,2017년 10월 16일 04시,월요일,부산광역시 사상구 주례동,중상사고,0,1,1,0,차량단독 - 공작물충돌,안전운전불이행,포장 - 젖음/습기,흐림,단일로 - 기타,이륜,남,19세,경상,,,,,35.152704,128.995319
582,2020000000000000.0,2017년 10월 20일 20시,금요일,부산광역시 사상구 주례동,중상사고,0,1,0,0,차대차 - 추돌,안전운전불이행,포장 - 건조,맑음,단일로 - 고가도로위,승용,남,27세,상해없음,승용,남,35세,중상,35.149588,128.993156
583,2020000000000000.0,2017년 11월 11일 03시,토요일,부산광역시 사상구 감전동,부상신고사고,0,0,0,1,차량단독 - 공작물충돌,안전운전불이행,포장 - 건조,맑음,단일로 - 기타,승용,남,32세,부상신고,,,,,35.152027000000004,128.974196
584,2020000000000000.0,2017년 11월 11일 14시,토요일,부산광역시 사상구 학장동,경상사고,0,0,1,0,차대차 - 추돌,안전운전불이행,포장 - 건조,맑음,단일로 - 기타,화물,남,48세,상해없음,승용,여,50세,경상,35.142225,128.98369499999998
585,2020000000000000.0,2017년 11월 24일 01시,금요일,부산광역시 사상구 엄궁동,중상사고,0,1,0,0,차대사람 - 기타,안전운전불이행,포장 - 건조,맑음,교차로 - 교차로안,승용,남,32세,상해없음,보행자,여,60세,중상,35.129468,128.967005
586,2020000000000000.0,2017년 11월 24일 23시,금요일,부산광역시 사상구 감전동,경상사고,0,0,2,0,차대차 - 측면충돌,안전운전불이행,포장 - 건조,맑음,단일로 - 기타,승용,남,47세,상해없음,승용,남,62세,경상,35.139212,128.970597
587,2020000000000000.0,2017년 11월 24일 23시,금요일,부산광역시 사상구 삼락동,경상사고,0,0,1,0,차대차 - 측면충돌,안전운전불이행,포장 - 건조,맑음,단일로 - 기타,승용,남,35세,상해없음,승용,남,28세,경상,35.172144,128.97896799999998
588,2020000000000000.0,2017년 11월 25일 20시,토요일,부산광역시 사상구 모라동,경상사고,0,0,2,0,차대차 - 추돌,안전운전불이행,포장 - 건조,맑음,단일로 - 기타,승용,남,51세,상해없음,승용,남,27세,경상,35.188231,128.987968
589,2020000000000000.0,2017년 12월 12일 00시,화요일,부산광역시 사상구 감전동,중상사고,0,1,0,0,차대차 - 기타,신호위반,포장 - 건조,맑음,교차로 - 교차로안,승용,남,34세,상해없음,이륜,남,19세,중상,35.159143,128.987673
590,2020000000000000.0,2017년 12월 12일 21시,화요일,부산광역시 사상구 모라동,중상사고,0,1,0,1,차대차 - 측면충돌,안전운전불이행,포장 - 건조,맑음,교차로 - 교차로부근,이륜,남,46세,부상신고,승용,남,36세,중상,35.184754,128.990937
591,2020000000000000.0,2017년 12월 13일 14시,수요일,부산광역시 사상구 감전동,경상사고,0,0,1,0,차대차 - 추돌,안전운전불이행,포장 - 건조,맑음,단일로 - 교량,승용,남,56세,상해없음,화물,남,42세,경상,35.154115000000004,128.962027
592,2020000000000000.0,2017년 12월 17일 01시,일요일,부산광역시 사상구 엄궁동,중상사고,0,1,0,0,차대차 - 추돌,기타,포장 - 건조,맑음,단일로 - 기타,이륜,남,52세,중상,화물,남,43세,기타불명,35.124916,128.96901100000002
593,2020000000000000.0,2017년 12월 28일 06시,목요일,부산광역시 사상구 학장동,부상신고사고,0,0,0,1,차대차 - 추돌,안전운전불이행,포장 - 건조,맑음,단일로 - 기타,이륜,남,26세,부상신고,승용,남,58세,상해없음,35.142309000000004,128.984004
594,2020000000000000.0,2017년 1월 10일 04시,화요일,부산광역시 서구 남부민동,부상신고사고,0,0,0,1,차량단독 - 전도전복,안전운전불이행,포장 - 건조,맑음,단일로 - 기타,이륜,남,51세,부상신고,미분류,미분류,미분류,미분류,35.091959,129.02408
595,2020000000000000.0,2017년 2월 4일 23시,토요일,부산광역시 서구 서대신동2가,사망사고,1,0,0,0,차대차 - 측면충돌,안전운전불이행,포장 - 젖음/습기,흐림,단일로 - 터널,승용,여,38세,사망,승합,남,49세,상해없음,35.107641,129.009285
596,2020000000000000.0,2017년 2월 9일 17시,목요일,부산광역시 서구 남부민동,중상사고,0,1,0,0,차대차 - 측면충돌,안전운전불이행,포장 - 건조,맑음,단일로 - 기타,이륜,남,52세,상해없음,자전거,남,18세,중상,35.089672,129.02433
597,2020000000000000.0,2017년 2월 10일 05시,금요일,부산광역시 서구 토성동3가,경상사고,0,0,1,0,차대차 - 기타,교차로운행방법위반,포장 - 건조,맑음,교차로 - 교차로안,승용,여,36세,상해없음,승용,남,63세,상해없음,35.099709999999995,129.01972
598,2020000000000000.0,2017년 3월 3일 23시,금요일,부산광역시 서구 암남동,경상사고,0,0,1,0,차대차 - 정면충돌,안전운전불이행,포장 - 건조,맑음,단일로 - 기타,승용,남,58세,상해없음,승용,남,56세,상해없음,35.078645,129.019584
599,2020000000000000.0,2017년 3월 3일 23시,금요일,부산광역시 서구 동대신동1가,중상사고,0,1,0,0,차량단독 - 기타,안전운전불이행,포장 - 건조,맑음,단일로 - 기타,원동기,남,38세,중상,,,,,35.108001,129.00949599999998
600,2020000000000000.0,2017년 3월 5일 09시,일요일,부산광역시 서구 동대신동1가,중상사고,0,1,0,0,차대사람 - 기타,안전운전불이행,포장 - 건조,맑음,단일로 - 기타,승용,남,23세,상해없음,보행자,여,68세,중상,35.108153,129.019959
601,2020000000000000.0,2017년 3월 8일 16시,수요일,부산광역시 서구 동대신동3가,경상사고,0,0,1,0,차대사람 - 기타,안전운전불이행,포장 - 건조,맑음,단일로 - 기타,승용,남,45세,상해없음,보행자,여,50세,경상,35.113917,129.018994
602,2020000000000000.0,2017년 4월 2일 20시,일요일,부산광역시 서구 서대신동3가,경상사고,0,0,3,0,차대차 - 추돌,안전거리미확보,포장 - 건조,맑음,단일로 - 기타,승용,남,47세,상해없음,승용,남,46세,경상,35.119284,129.009476
603,2020000000000000.0,2017년 5월 13일 00시,토요일,부산광역시 서구 암남동,경상사고,0,0,2,0,차대차 - 추돌,안전운전불이행,포장 - 건조,맑음,단일로 - 교량,승용,남,26세,상해없음,승용,남,51세,경상,35.079882,129.02228300000002
604,2020000000000000.0,2017년 6월 14일 01시,수요일,부산광역시 서구 서대신동2가,경상사고,0,0,1,0,차량단독 - 전도전복 - 전도,안전운전불이행,포장 - 건조,맑음,단일로 - 기타,이륜,여,44세,경상,,,,,35.108214000000004,129.00976799999998
605,2020000000000000.0,2017년 7월 2일 10시,일요일,부산광역시 서구 서대신동1가,중상사고,0,1,0,1,차대차 - 정면충돌,안전운전불이행,포장 - 젖음/습기,비,교차로 - 교차로안,이륜,남,21세,상해없음,승용,남,52세,중상,35.109238,129.015504
606,2020000000000000.0,2017년 7월 19일 18시,수요일,부산광역시 서구 아미동2가,경상사고,0,0,1,0,차대차 - 추돌,안전거리미확보,포장 - 건조,맑음,단일로 - 기타,승용,남,53세,상해없음,승용,남,29세,경상,35.102665,129.010844
607,2020000000000000.0,2017년 8월 16일 02시,수요일,부산광역시 서구 충무동2가,중상사고,0,1,0,0,차량단독 - 전도전복,안전운전불이행,포장 - 젖음/습기,비,교차로 - 교차로부근,이륜,남,30세,중상,미분류,미분류,미분류,미분류,35.095509,129.021937